MES;FECHA;MOTIVO;CODIGO;PROVEEDOR;UND;COSTO;TOTAL;DIVISION;SEMANA
ABRIL;4/12/2026;DAÑADO ;C201884;YIWU LYFHON INTL TRADE CO LTD;4;$16.17;$64.68;HOGAR;SEM-16
ABRIL;4/12/2026;DAÑADO ;C202506;YIWU LYFHON INTL TRADE CO LTD;6;$16.28;$97.69;HOGAR;SEM-16
ABRIL;4/12/2026;DAÑADO ;C119676;YIWU LYFHON INTL TRADE CO LTD;3;$21.12;$63.35;HOGAR;SEM-16
ABRIL;4/12/2026;DAÑADO ;C152084;NOVA ZONA LIBRE, S.A.;17;$5.69;$96.71;HOGAR;SEM-16
ABRIL;4/12/2026;DAÑADO ;C160661;NOVA ZONA LIBRE, S.A.;9;$10.10;$90.92;HOGAR;SEM-16
ABRIL;4/12/2026;DAÑADO ;C185136;YIWU LYFHON INTL TRADE CO LTD;10;$14.73;$147.27;HOGAR;SEM-16
ABRIL;4/12/2026;DAÑADO ;C196889;YIWU LYFHON INTL TRADE CO LTD;5;$9.08;$45.40;HOGAR;SEM-16
ABRIL;4/12/2026;DAÑADO ;C196892;YIWU LYFHON INTL TRADE CO LTD;2;$36.80;$73.61;HOGAR;SEM-16
ABRIL;4/12/2026;DAÑADO ;C201636;YIWU LYFHON INTL TRADE CO LTD;1;$21.48;$21.48;HOGAR;SEM-16
ABRIL;4/12/2026;DAÑADO ;C201651;YIWU LYFHON INTL TRADE CO LTD;3;$6.91;$20.72;HOGAR;SEM-16
ABRIL;4/12/2026;DAÑADO ;C201677;YIWU LYFHON INTL TRADE CO LTD;1;$17.89;$17.89;HOGAR;SEM-16
ABRIL;4/12/2026;DAÑADO ;C202508;YIWU LYFHON INTL TRADE CO LTD;10;$16.28;$162.82;HOGAR;SEM-16
ABRIL;4/12/2026;DAÑADO ;C151118;YIWU LYFHON INTL TRADE CO LTD;1;$14.55;$14.55;HOGAR;SEM-16
ABRIL;4/12/2026;DAÑADO ;C151989;NEMO TRADERS SA;1;$12.59;$12.59;HOGAR;SEM-16
ABRIL;4/12/2026;DAÑADO ;C152081;NOVA ZONA LIBRE, S.A.;2;$16.41;$32.82;HOGAR;SEM-16
ABRIL;4/12/2026;DAÑADO ;C152084;NOVA ZONA LIBRE, S.A.;18;$5.69;$102.40;HOGAR;SEM-16
ABRIL;4/12/2026;DAÑADO ;C194803;YIWU LYFHON INTL TRADE CO LTD;1;$17.44;$17.44;HOGAR;SEM-16
ABRIL;4/12/2026;DAÑADO ;C196890;YIWU LYFHON INTL TRADE CO LTD;3;$36.80;$110.41;HOGAR;SEM-16
ABRIL;4/12/2026;DAÑADO ;C196907;YIWU LYFHON INTL TRADE CO LTD;6;$8.84;$53.04;HOGAR;SEM-16
ABRIL;4/12/2026;DAÑADO ;C201884;YIWU LYFHON INTL TRADE CO LTD;1;$16.17;$16.17;HOGAR;SEM-16
ABRIL;4/12/2026;DAÑADO ;C202169;YIWU LYFHON INTL TRADE CO LTD;4;$16.59;$66.34;HOGAR;SEM-16
ABRIL;4/12/2026;DAÑADO ;C202170;YIWU LYFHON INTL TRADE CO LTD;1;$16.59;$16.59;HOGAR;SEM-16
ABRIL;4/12/2026;DAÑADO ;C202507;YIWU LYFHON INTL TRADE CO LTD;4;$16.28;$65.13;HOGAR;SEM-16
ABRIL;4/12/2026;DAÑADO ;C202508;YIWU LYFHON INTL TRADE CO LTD;5;$16.28;$81.41;HOGAR;SEM-16
ABRIL;4/12/2026;DAÑADO ;C202600;YIWU LYFHON INTL TRADE CO LTD;1;$17.88;$17.88;HOGAR;SEM-16
ABRIL;4/12/2026;DAÑADO ;C202601;YIWU LYFHON INTL TRADE CO LTD;2;$17.37;$34.73;HOGAR;SEM-16
ABRIL;4/12/2026;DAÑADO ;C202641;YIWU LYFHON INTL TRADE CO LTD;1;$20.93;$20.93;HOGAR;SEM-16
ABRIL;4/12/2026;DAÑADO ;C203536;YIWU LYFHON INTL TRADE CO LTD;1;$7.77;$7.77;HOGAR;SEM-16
ABRIL;4/12/2026;DAÑADO ;C203541;YIWU LYFHON INTL TRADE CO LTD;6;$17.10;$102.58;HOGAR;SEM-16
ABRIL;4/12/2026;DAÑADO ;C203544;YIWU LYFHON INTL TRADE CO LTD;1;$7.25;$7.25;HOGAR;SEM-16
ABRIL;4/12/2026;DAÑADO ;C203545;YIWU LYFHON INTL TRADE CO LTD;1;$4.15;$4.15;HOGAR;SEM-16
ABRIL;4/12/2026;DAÑADO ;384144;NOVA ZONA LIBRE, S.A.;3;$20.52;$61.55;HOGAR;SEM-16
ABRIL;4/12/2026;DAÑADO ;384365;NEMO TRADERS SA;2;$19.36;$38.72;HOGAR;SEM-16
ABRIL;4/12/2026;DAÑADO ;497797;NEMO TRADERS SA;1;$13.24;$13.24;HOGAR;SEM-16
ABRIL;4/12/2026;DAÑADO ;C151148;NEMO TRADERS SA;2;$12.58;$25.16;HOGAR;SEM-16
ABRIL;4/12/2026;DAÑADO ;C152082;NOVA ZONA LIBRE, S.A.;1;$9.46;$9.46;HOGAR;SEM-16
ABRIL;4/12/2026;DAÑADO ;C152086;NOVA ZONA LIBRE, S.A.;1;$13.24;$13.24;HOGAR;SEM-16
ABRIL;4/12/2026;DAÑADO ;C165713;NEMO TRADERS SA;4;$6.77;$27.07;HOGAR;SEM-16
ABRIL;4/12/2026;DAÑADO ;C201670;YIWU LYFHON INTL TRADE CO LTD;1;$12.78;$12.78;HOGAR;SEM-16
ABRIL;4/12/2026;DAÑADO ;C202793;NOVA ZONA LIBRE, S.A.;3;$11.03;$33.10;HOGAR;SEM-16
ABRIL;4/12/2026;DAÑADO ;C202794;NOVA ZONA LIBRE, S.A.;7;$13.26;$92.79;HOGAR;SEM-16
ABRIL;4/12/2026;DAÑADO ;C204042;NEMO TRADERS SA;3;$6.46;$19.38;HOGAR;SEM-16
ABRIL;4/12/2026;DAÑADO ;C204043;NEMO TRADERS SA;1;$6.77;$6.77;HOGAR;SEM-16
ABRIL;4/12/2026;DAÑADO ;C208273;YIWU LYFHON INTL TRADE CO LTD;29;$12.22;$354.47;HOGAR;SEM-16
ABRIL;4/12/2026;DAÑADO ;C208277;YIWU LYFHON INTL TRADE CO LTD;22;$8.15;$179.27;HOGAR;SEM-16
ABRIL;4/12/2026;DAÑADO ;C208278;YIWU LYFHON INTL TRADE CO LTD;3;$7.64;$22.92;HOGAR;SEM-16
ABRIL;4/12/2026;DAÑADO ;C050918;NEMO TRADERS SA;6;$9.36;$56.17;HOGAR;SEM-16
ABRIL;4/12/2026;DAÑADO ;C151148;NEMO TRADERS SA;2;$12.58;$25.16;HOGAR;SEM-16
ABRIL;4/12/2026;DAÑADO ;C151994;NEMO TRADERS SA;6;$22.59;$135.53;HOGAR;SEM-16
ABRIL;4/12/2026;DAÑADO ;C152083;NOVA ZONA LIBRE, S.A.;16;$11.06;$176.89;HOGAR;SEM-16
ABRIL;4/12/2026;DAÑADO ;C158099;YIWU LYFHON INTL TRADE CO LTD;8;$88.89;$711.15;HOGAR;SEM-16
ABRIL;4/12/2026;DAÑADO ;C171495;YIWU LYFHON INTL TRADE CO LTD;1;$29.24;$29.24;HOGAR;SEM-16
ABRIL;4/12/2026;DAÑADO ;C201879;YIWU LYFHON INTL TRADE CO LTD;11;$7.58;$83.38;HOGAR;SEM-16
ABRIL;4/12/2026;DAÑADO ;C203534;YIWU LYFHON INTL TRADE CO LTD;3;$14.51;$43.52;HOGAR;SEM-16
ABRIL;4/12/2026;DAÑADO ;C203539;YIWU LYFHON INTL TRADE CO LTD;7;$9.06;$63.44;HOGAR;SEM-16
ABRIL;4/12/2026;DAÑADO ;C204043;NEMO TRADERS SA;2;$6.77;$13.54;HOGAR;SEM-16
ABRIL;4/12/2026;DAÑADO ;C208272;YIWU LYFHON INTL TRADE CO LTD;10;$12.22;$122.23;HOGAR;SEM-16
ABRIL;4/12/2026;DAÑADO ;C208273;YIWU LYFHON INTL TRADE CO LTD;12;$12.22;$146.68;HOGAR;SEM-16
ABRIL;4/12/2026;DAÑADO ;C208277;YIWU LYFHON INTL TRADE CO LTD;40;$8.15;$325.95;HOGAR;SEM-16
ABRIL;4/12/2026;DAÑADO ;C018973;NEMO TRADERS SA;1;$63.27;$63.27;HOGAR;SEM-16
ABRIL;4/12/2026;DAÑADO ;C022365;NEMO TRADERS SA;19;$33.09;$628.70;HOGAR;SEM-16
ABRIL;4/12/2026;DAÑADO ;C022375;NEMO TRADERS SA;2;$44.01;$88.03;HOGAR;SEM-16
ABRIL;4/12/2026;DAÑADO ;C038600;NEMO TRADERS SA;5;$75.66;$378.30;HOGAR;SEM-16
ABRIL;4/12/2026;DAÑADO ;C151140;NEMO TRADERS SA;2;$33.02;$66.03;HOGAR;SEM-16
ABRIL;4/12/2026;DAÑADO ;C156584;NEMO TRADERS SA;5;$44.01;$220.06;HOGAR;SEM-16
ABRIL;4/12/2026;DAÑADO ;C165641;NEMO TRADERS SA;2;$53.26;$106.52;HOGAR;SEM-16
ABRIL;4/12/2026;DAÑADO ;C192480;NEMO TRADERS SA;3;$53.26;$159.77;HOGAR;SEM-16
ABRIL;4/12/2026;DAÑADO ;C209994;IMPORTADORA UNIVERSAL S.A;1;$86.10;$86.10;HOGAR;SEM-16
ABRIL;4/12/2026;DAÑADO ;C209995;IMPORTADORA UNIVERSAL S.A;1;$121.19;$121.19;HOGAR;SEM-16
ABRIL;4/12/2026;DAÑADO ;C202507;YIWU LYFHON INTL TRADE CO LTD;8;$16.28;$130.26;HOGAR;SEM-16
ABRIL;4/12/2026;DAÑADO ;483800;YIWU LYFHON INTL TRADE CO LTD;4;$35.50;$141.99;HOGAR;SEM-16
ABRIL;4/12/2026;DAÑADO ;C201626;YIWU LYFHON INTL TRADE CO LTD;3;$18.08;$54.25;HOGAR;SEM-16
ABRIL;4/12/2026;DAÑADO ;C201631;YIWU LYFHON INTL TRADE CO LTD;1;$9.72;$9.72;HOGAR;SEM-16
ABRIL;4/12/2026;DAÑADO ;C201641;YIWU LYFHON INTL TRADE CO LTD;1;$12.27;$12.27;HOGAR;SEM-16
ABRIL;4/12/2026;DAÑADO ;C201647;YIWU LYFHON INTL TRADE CO LTD;1;$17.90;$17.90;HOGAR;SEM-16
ABRIL;4/12/2026;DAÑADO ;C201649;YIWU LYFHON INTL TRADE CO LTD;9;$7.16;$64.40;HOGAR;SEM-16
ABRIL;4/12/2026;DAÑADO ;C201669;YIWU LYFHON INTL TRADE CO LTD;3;$9.46;$28.39;HOGAR;SEM-16
ABRIL;4/12/2026;DAÑADO ;C201672;YIWU LYFHON INTL TRADE CO LTD;11;$13.29;$146.17;HOGAR;SEM-16
ABRIL;4/12/2026;DAÑADO ;C201676;YIWU LYFHON INTL TRADE CO LTD;3;$17.89;$53.67;HOGAR;SEM-16
ABRIL;4/12/2026;DAÑADO ;C201679;YIWU LYFHON INTL TRADE CO LTD;1;$17.89;$17.89;HOGAR;SEM-16
ABRIL;4/12/2026;DAÑADO ;C160646;NOVA ZONA LIBRE, S.A.;9;$6.31;$56.83;HOGAR;SEM-16
ABRIL;4/12/2026;DAÑADO ;c160663;NOVA ZONA LIBRE, S.A.;10;$9.47;$94.72;HOGAR;SEM-16
ABRIL;4/12/2026;DAÑADO ;c185135;YIWU LYFHON INTL TRADE CO LTD;3;$14.47;$43.40;HOGAR;SEM-16
ABRIL;4/12/2026;DAÑADO ;c196109;NEMO TRADERS SA;1;$22.02;$22.02;HOGAR;SEM-16
ABRIL;4/12/2026;DAÑADO ;c198137;YIWU LYFHON INTL TRADE CO LTD;1;$54.63;$54.63;HOGAR;SEM-16
ABRIL;4/12/2026;DAÑADO ;c201633;YIWU LYFHON INTL TRADE CO LTD;2;$11.76;$23.51;HOGAR;SEM-16
ABRIL;4/12/2026;DAÑADO ;c201682;YIWU LYFHON INTL TRADE CO LTD;9;$19.42;$174.81;HOGAR;SEM-16
ABRIL;4/12/2026;DAÑADO ;c201782;YIWU LYFHON INTL TRADE CO LTD;5;$18.63;$93.17;HOGAR;SEM-16
ABRIL;4/12/2026;DAÑADO ;C177976;YIWU LYFHON INTL TRADE CO LTD;1;$17.31;$17.31;HOGAR;SEM-16
ABRIL;4/12/2026;DAÑADO ;c201648;YIWU LYFHON INTL TRADE CO LTD;2;$13.30;$26.61;HOGAR;SEM-16
ABRIL;4/12/2026;DAÑADO ;c201665;YIWU LYFHON INTL TRADE CO LTD;1;$8.69;$8.69;HOGAR;SEM-16
ABRIL;4/12/2026;DAÑADO ;C201673;YIWU LYFHON INTL TRADE CO LTD;1;$13.04;$13.04;HOGAR;SEM-16
ABRIL;4/12/2026;DAÑADO ;c201683;YIWU LYFHON INTL TRADE CO LTD;2;$17.38;$34.76;HOGAR;SEM-16
ABRIL;4/12/2026;DAÑADO ;c201808;YIWU LYFHON INTL TRADE CO LTD;2;$9.10;$18.19;HOGAR;SEM-16
ABRIL;4/12/2026;DAÑADO ;C201847;YIWU LYFHON INTL TRADE CO LTD;3;$4.29;$12.88;HOGAR;SEM-16
ABRIL;4/12/2026;DAÑADO ;c201850;YIWU LYFHON INTL TRADE CO LTD;2;$3.54;$7.07;HOGAR;SEM-16
ABRIL;4/12/2026;DAÑADO ;c201860;YIWU LYFHON INTL TRADE CO LTD;7;$10.10;$70.70;HOGAR;SEM-16
ABRIL;4/12/2026;DAÑADO ;c201869;YIWU LYFHON INTL TRADE CO LTD;3;$14.14;$42.43;HOGAR;SEM-16
ABRIL;4/12/2026;DAÑADO ;c201870;YIWU LYFHON INTL TRADE CO LTD;1;$17.68;$17.68;HOGAR;SEM-16
ABRIL;4/12/2026;DAÑADO ;c201871;YIWU LYFHON INTL TRADE CO LTD;1;$14.14;$14.14;HOGAR;SEM-16
ABRIL;4/12/2026;DAÑADO ;c201875;YIWU LYFHON INTL TRADE CO LTD;3;$7.33;$21.98;HOGAR;SEM-16
ABRIL;4/12/2026;DAÑADO ;c201877;YIWU LYFHON INTL TRADE CO LTD;2;$6.57;$13.14;HOGAR;SEM-16
ABRIL;4/12/2026;DAÑADO ;c201881;YIWU LYFHON INTL TRADE CO LTD;2;$10.10;$20.21;HOGAR;SEM-16
ABRIL;4/12/2026;DAÑADO ;c202505;YIWU LYFHON INTL TRADE CO LTD;9;$16.28;$146.54;HOGAR;SEM-16
ABRIL;4/12/2026;DAÑADO ;C201684;YIWU LYFHON INTL TRADE CO LTD;36;$9.72;$349.94;HOGAR;SEM-16
ABRIL;4/12/2026;DAÑADO ;C201684;YIWU LYFHON INTL TRADE CO LTD;36;$9.72;$349.94;HOGAR;SEM-16
ABRIL;4/12/2026;DAÑADO ;C201684;YIWU LYFHON INTL TRADE CO LTD;10;$9.72;$97.21;HOGAR;SEM-16
ABRIL;4/12/2026;DAÑADO ;c192738;NOVA ZONA LIBRE, S.A.;1;$87.09;$87.09;HOGAR;SEM-16
ABRIL;4/12/2026;DAÑADO ;c201854;YIWU LYFHON INTL TRADE CO LTD;2;$15.16;$30.32;HOGAR;SEM-16
ABRIL;4/12/2026;DAÑADO ;C201693;YIWU LYFHON INTL TRADE CO LTD;29;$7.68;$222.60;HOGAR;SEM-16
ABRIL;4/12/2026;DAÑADO ;C050436;NEMO TRADERS SA;1;$23.66;$23.66;HOGAR;SEM-16
ABRIL;4/12/2026;DAÑADO ;C177966;YIWU LYFHON INTL TRADE CO LTD;5;$14.21;$71.04;HOGAR;SEM-16
ABRIL;4/12/2026;DAÑADO ;C201632;YIWU LYFHON INTL TRADE CO LTD;4;$13.80;$55.22;HOGAR;SEM-16
ABRIL;4/12/2026;DAÑADO ;C201645;YIWU LYFHON INTL TRADE CO LTD;4;$14.32;$57.28;HOGAR;SEM-16
ABRIL;4/12/2026;DAÑADO ;C201657;YIWU LYFHON INTL TRADE CO LTD;4;$8.69;$34.76;HOGAR;SEM-16
ABRIL;4/12/2026;DAÑADO ;C201670;YIWU LYFHON INTL TRADE CO LTD;2;$12.78;$25.56;HOGAR;SEM-16
ABRIL;4/12/2026;DAÑADO ;C201671;YIWU LYFHON INTL TRADE CO LTD;2;$13.29;$26.58;HOGAR;SEM-16
ABRIL;4/12/2026;DAÑADO ;C201678;YIWU LYFHON INTL TRADE CO LTD;2;$17.89;$35.78;HOGAR;SEM-16
ABRIL;4/12/2026;DAÑADO ;C201687;YIWU LYFHON INTL TRADE CO LTD;4;$23.02;$92.07;HOGAR;SEM-16
ABRIL;4/12/2026;DAÑADO ;C201689;YIWU LYFHON INTL TRADE CO LTD;2;$13.82;$27.63;HOGAR;SEM-16
ABRIL;4/13/2026;FALTANTE ;C205599;VESTIRAMA S.A.;5;$8.00;$40.01;ROPA;SEM-16
ABRIL;4/13/2026;FALTANTE ;C205751;VESTIRAMA S.A.;24;$2.50;$60.01;ROPA;SEM-16
ABRIL;4/13/2026;FALTANTE ;C184552;YIWU LYFHON INTL TRADE CO LTD;24;$2.23;$53.63;ACCESORIOS;SEM-16
ABRIL;4/13/2026;FALTANTE ;C180969;YIWU LYFHON INTL TRADE CO LTD;25;$1.61;$40.21;ACCESORIOS;SEM-16
ABRIL;4/13/2026;DAÑADO ;C022365;NEMO TRADERS SA;19;$1.24;$23.57;HOGAR;SEM-16
ABRIL;4/13/2026;DAÑADO ;C038600;NEMO TRADERS SA;5;$2.84;$14.21;HOGAR;SEM-16
ABRIL;4/13/2026;FALTANTE ;C208167;YIWU LYFHON INTL TRADE CO LTD;20;$1.66;$33.11;ROPA;SEM-16
ABRIL;4/13/2026;FALTANTE ;C205600;VESTIRAMA S.A.;6;$7.17;$43.01;ROPA;SEM-16
ABRIL;4/13/2026;DAÑADO ;C208277;YIWU LYFHON INTL TRADE CO LTD;62;$0.23;$14.28;HOGAR;SEM-16
ABRIL;4/13/2026;FALTANTE ;C071421;YIWU LYFHON INTL TRADE CO LTD;1;$1.51;$1.51;HOGAR;SEM-16
ABRIL;4/13/2026;FALTANTE ;C095867;YIWU LYFHON INTL TRADE CO LTD;1;$5.54;$5.54;JUGUETERIA;SEM-16
ABRIL;4/13/2026;FALTANTE ;C145212;YIWU LYFHON INTL TRADE CO LTD;1;$1.53;$1.53;BELLEZA;SEM-16
ABRIL;4/13/2026;FALTANTE ;C145239;YIWU LYFHON INTL TRADE CO LTD;1;$0.24;$0.24;BELLEZA;SEM-16
ABRIL;4/13/2026;FALTANTE ;C157490;YIWU LYFHON INTL TRADE CO LTD;4;$0.47;$1.89;INTERIOR DETALLE;SEM-16
ABRIL;4/13/2026;FALTANTE ;C160178;YIWU LYFHON INTL TRADE CO LTD;1;$3.43;$3.43;JUGUETERIA;SEM-16
ABRIL;4/13/2026;FALTANTE ;C161387;YIWU LYFHON INTL TRADE CO LTD;8;$0.38;$3.06;INTERIOR DETALLE;SEM-16
ABRIL;4/13/2026;FALTANTE ;C161565;YIWU LYFHON INTL TRADE CO LTD;1;$7.36;$7.36;BEBE;SEM-16
ABRIL;4/13/2026;FALTANTE ;C165206;YIWU LYFHON INTL TRADE CO LTD;1;$0.13;$0.13;CELEBRACIONES;SEM-16
ABRIL;4/13/2026;FALTANTE ;C165484;YIWU LYFHON INTL TRADE CO LTD;5;$1.58;$7.88;ACCESORIOS;SEM-16
ABRIL;4/13/2026;FALTANTE ;C171109;YIWU LYFHON INTL TRADE CO LTD;4;$0.30;$1.18;INTERIOR DETALLE;SEM-16
ABRIL;4/13/2026;FALTANTE ;C171110;YIWU LYFHON INTL TRADE CO LTD;4;$0.29;$1.15;INTERIOR DETALLE;SEM-16
ABRIL;4/13/2026;FALTANTE ;C171269;YIWU LYFHON INTL TRADE CO LTD;12;$0.64;$7.69;INTERIOR DETALLE;SEM-16
ABRIL;4/13/2026;FALTANTE ;C171787;YIWU LYFHON INTL TRADE CO LTD;1;$0.27;$0.27;BELLEZA;SEM-16
ABRIL;4/13/2026;FALTANTE ;C171796;YIWU LYFHON INTL TRADE CO LTD;1;$1.39;$1.39;BELLEZA;SEM-16
ABRIL;4/13/2026;FALTANTE ;C172176;YIWU LYFHON INTL TRADE CO LTD;4;$0.50;$2.01;INTERIOR DETALLE;SEM-16
ABRIL;4/13/2026;FALTANTE ;C172191;YIWU LYFHON INTL TRADE CO LTD;20;$0.50;$10.03;INTERIOR DETALLE;SEM-16
ABRIL;4/13/2026;FALTANTE ;C172542;YIWU LYFHON INTL TRADE CO LTD;4;$0.31;$1.25;INTERIOR DETALLE;SEM-16
ABRIL;4/13/2026;FALTANTE ;C176621;YIWU LYFHON INTL TRADE CO LTD;12;$0.08;$1.00;BELLEZA;SEM-16
ABRIL;4/13/2026;FALTANTE ;C176643;YIWU LYFHON INTL TRADE CO LTD;1;$1.39;$1.39;BELLEZA;SEM-16
ABRIL;4/13/2026;FALTANTE ;C177837;YIWU LYFHON INTL TRADE CO LTD;5;$2.86;$14.30;JUGUETERIA;SEM-16
ABRIL;4/13/2026;FALTANTE ;C181807;YIWU LYFHON INTL TRADE CO LTD;1;$0.17;$0.17;INTERIOR DETALLE;SEM-16
ABRIL;4/13/2026;FALTANTE ;C184578;YIWU LYFHON INTL TRADE CO LTD;4;$1.54;$6.15;ACCESORIOS;SEM-16
ABRIL;4/13/2026;FALTANTE ;C184579;YIWU LYFHON INTL TRADE CO LTD;1;$1.68;$1.68;ACCESORIOS;SEM-16
ABRIL;4/13/2026;FALTANTE ;C184661;YIWU LYFHON INTL TRADE CO LTD;4;$0.34;$1.34;INTERIOR DETALLE;SEM-16
ABRIL;4/13/2026;FALTANTE ;C184664;YIWU LYFHON INTL TRADE CO LTD;4;$0.34;$1.34;INTERIOR DETALLE;SEM-16
ABRIL;4/13/2026;FALTANTE ;C184676;YIWU LYFHON INTL TRADE CO LTD;4;$0.36;$1.42;INTERIOR DETALLE;SEM-16
ABRIL;4/13/2026;FALTANTE ;C184677;YIWU LYFHON INTL TRADE CO LTD;4;$0.36;$1.42;INTERIOR DETALLE;SEM-16
ABRIL;4/13/2026;FALTANTE ;C191313;YIWU LYFHON INTL TRADE CO LTD;12;$1.20;$14.35;INTERIOR DETALLE;SEM-16
ABRIL;4/13/2026;FALTANTE ;C191316;YIWU LYFHON INTL TRADE CO LTD;12;$1.10;$13.16;INTERIOR DETALLE;SEM-16
ABRIL;4/13/2026;FALTANTE ;C191434;YIWU LYFHON INTL TRADE CO LTD;12;$0.23;$2.70;ACCESORIOS;SEM-16
ABRIL;4/13/2026;FALTANTE ;C192845;YIWU LYFHON INTL TRADE CO LTD;6;$0.71;$4.27;INTERIOR DETALLE;SEM-16
ABRIL;4/13/2026;FALTANTE ;C192851;YIWU LYFHON INTL TRADE CO LTD;24;$0.31;$7.40;INTERIOR DETALLE;SEM-16
ABRIL;4/13/2026;FALTANTE ;C194002;YIWU LYFHON INTL TRADE CO LTD;12;$1.20;$14.37;INTERIOR DETALLE;SEM-16
ABRIL;4/13/2026;FALTANTE ;C195024;YIWU LYFHON INTL TRADE CO LTD;12;$0.39;$4.73;INTERIOR DETALLE;SEM-16
ABRIL;4/13/2026;FALTANTE ;C195510;YIWU LYFHON INTL TRADE CO LTD;12;$0.31;$3.72;ACCESORIOS;SEM-16
ABRIL;4/13/2026;FALTANTE ;C195555;YIWU LYFHON INTL TRADE CO LTD;1;$0.24;$0.24;CELEBRACIONES;SEM-16
ABRIL;4/13/2026;FALTANTE ;C195566;YIWU LYFHON INTL TRADE CO LTD;2;$0.17;$0.34;CELEBRACIONES;SEM-16
ABRIL;4/13/2026;FALTANTE ;C196399;YIWU LYFHON INTL TRADE CO LTD;1;$1.48;$1.48;BELLEZA;SEM-16
ABRIL;4/13/2026;FALTANTE ;C196501;YIWU LYFHON INTL TRADE CO LTD;1;$0.52;$0.52;JUGUETERIA;SEM-16
ABRIL;4/13/2026;FALTANTE ;C196785;YIWU LYFHON INTL TRADE CO LTD;24;$0.08;$1.94;BELLEZA;SEM-16
ABRIL;4/13/2026;FALTANTE ;C196863;YIWU LYFHON INTL TRADE CO LTD;12;$0.64;$7.62;ACCESORIOS;SEM-16
ABRIL;4/13/2026;FALTANTE ;C196897;YIWU LYFHON INTL TRADE CO LTD;1;$0.80;$0.80;ACCESORIOS;SEM-16
ABRIL;4/13/2026;FALTANTE ;C196904;YIWU LYFHON INTL TRADE CO LTD;1;$0.80;$0.80;ACCESORIOS;SEM-16
ABRIL;4/13/2026;FALTANTE ;C197042;YIWU LYFHON INTL TRADE CO LTD;1;$1.53;$1.53;BELLEZA;SEM-16
ABRIL;4/13/2026;FALTANTE ;C197044;YIWU LYFHON INTL TRADE CO LTD;1;$1.63;$1.63;BELLEZA;SEM-16
ABRIL;4/13/2026;FALTANTE ;C197151;YIWU LYFHON INTL TRADE CO LTD;12;$0.60;$7.15;ACCESORIOS;SEM-16
ABRIL;4/13/2026;FALTANTE ;C197212;YIWU LYFHON INTL TRADE CO LTD;1;$1.11;$1.11;HOGAR;SEM-16
ABRIL;4/13/2026;FALTANTE ;C197216;YIWU LYFHON INTL TRADE CO LTD;2;$1.06;$2.13;HOGAR;SEM-16
ABRIL;4/13/2026;FALTANTE ;C197259;YIWU LYFHON INTL TRADE CO LTD;3;$0.87;$2.62;HOGAR;SEM-16
ABRIL;4/13/2026;FALTANTE ;C197508;YIWU LYFHON INTL TRADE CO LTD;12;$0.20;$2.37;ACCESORIOS;SEM-16
ABRIL;4/13/2026;FALTANTE ;C197539;YIWU LYFHON INTL TRADE CO LTD;1;$0.46;$0.46;HOGAR;SEM-16
ABRIL;4/13/2026;FALTANTE ;C197621;YIWU LYFHON INTL TRADE CO LTD;1;$1.13;$1.13;ACCESORIOS;SEM-16
ABRIL;4/13/2026;FALTANTE ;C197854;YIWU LYFHON INTL TRADE CO LTD;8;$3.96;$31.68;ACCESORIOS;SEM-16
ABRIL;4/13/2026;FALTANTE ;C197855;YIWU LYFHON INTL TRADE CO LTD;3;$5.09;$15.28;ACCESORIOS;SEM-16
ABRIL;4/13/2026;FALTANTE ;C200060;YIWU LYFHON INTL TRADE CO LTD;1;$0.28;$0.28;BELLEZA;SEM-16
ABRIL;4/13/2026;FALTANTE ;C200143;YIWU LYFHON INTL TRADE CO LTD;1;$1.14;$1.14;ACCESORIOS;SEM-16
ABRIL;4/13/2026;FALTANTE ;C200299;YIWU LYFHON INTL TRADE CO LTD;1;$1.11;$1.11;ACCESORIOS;SEM-16
ABRIL;4/13/2026;FALTANTE ;C200309;YIWU LYFHON INTL TRADE CO LTD;1;$0.74;$0.74;ACCESORIOS;SEM-16
ABRIL;4/13/2026;FALTANTE ;C201547;YIWU LYFHON INTL TRADE CO LTD;2;$0.24;$0.49;ACCESORIOS;SEM-16
ABRIL;4/13/2026;FALTANTE ;C201638;YIWU LYFHON INTL TRADE CO LTD;5;$0.33;$1.63;HOGAR;SEM-16
ABRIL;4/13/2026;FALTANTE ;C201646;YIWU LYFHON INTL TRADE CO LTD;5;$0.43;$2.13;HOGAR;SEM-16
ABRIL;4/13/2026;FALTANTE ;C201709;YIWU LYFHON INTL TRADE CO LTD;2;$1.33;$2.66;CALZADO PLASTICO;SEM-16
ABRIL;4/13/2026;FALTANTE ;C201742;YIWU LYFHON INTL TRADE CO LTD;1;$0.24;$0.24;ACCESORIOS;SEM-16
ABRIL;4/13/2026;FALTANTE ;C201754;YIWU LYFHON INTL TRADE CO LTD;1;$0.62;$0.62;CUIDADO PERSONAL;SEM-16
ABRIL;4/13/2026;FALTANTE ;C201755;YIWU LYFHON INTL TRADE CO LTD;1;$0.72;$0.72;CUIDADO PERSONAL;SEM-16
ABRIL;4/13/2026;FALTANTE ;C201773;YIWU LYFHON INTL TRADE CO LTD;12;$0.17;$2.06;ACCESORIOS;SEM-16
ABRIL;4/13/2026;FALTANTE ;C201803;YIWU LYFHON INTL TRADE CO LTD;1;$0.23;$0.23;HOGAR;SEM-16
ABRIL;4/13/2026;FALTANTE ;C201860;YIWU LYFHON INTL TRADE CO LTD;1;$0.28;$0.28;HOGAR;SEM-16
ABRIL;4/13/2026;FALTANTE ;C201882;YIWU LYFHON INTL TRADE CO LTD;1;$0.13;$0.13;HOGAR;SEM-16
ABRIL;4/13/2026;FALTANTE ;C201883;YIWU LYFHON INTL TRADE CO LTD;4;$0.17;$0.68;HOGAR;SEM-16
ABRIL;4/13/2026;FALTANTE ;C201891;YIWU LYFHON INTL TRADE CO LTD;12;$0.56;$6.67;ACCESORIOS;SEM-16
ABRIL;4/13/2026;FALTANTE ;C201901;YIWU LYFHON INTL TRADE CO LTD;1;$0.56;$0.56;ACCESORIOS;SEM-16
ABRIL;4/13/2026;FALTANTE ;C201995;YIWU LYFHON INTL TRADE CO LTD;1;$1.68;$1.68;ACCESORIOS;SEM-16
ABRIL;4/13/2026;FALTANTE ;C202153;YIWU LYFHON INTL TRADE CO LTD;3;$2.92;$8.76;CALZADO;SEM-16
ABRIL;4/13/2026;FALTANTE ;C202252;YIWU LYFHON INTL TRADE CO LTD;1;$0.93;$0.93;BEBE;SEM-16
ABRIL;4/13/2026;FALTANTE ;C202508;YIWU LYFHON INTL TRADE CO LTD;1;$0.46;$0.46;HOGAR;SEM-16
ABRIL;4/13/2026;FALTANTE ;C202613;YIWU LYFHON INTL TRADE CO LTD;6;$0.09;$0.52;ACCESORIOS;SEM-16
ABRIL;4/13/2026;FALTANTE ;C202637;YIWU LYFHON INTL TRADE CO LTD;1;$0.52;$0.52;ACCESORIOS;SEM-16
ABRIL;4/13/2026;FALTANTE ;C203080;YIWU LYFHON INTL TRADE CO LTD;1;$0.06;$0.06;CUIDADO PERSONAL;SEM-16
ABRIL;4/13/2026;FALTANTE ;C203114;YIWU LYFHON INTL TRADE CO LTD;4;$0.10;$0.38;CUIDADO PERSONAL;SEM-16
ABRIL;4/13/2026;FALTANTE ;C203132;YIWU LYFHON INTL TRADE CO LTD;1;$0.26;$0.26;ACCESORIOS;SEM-16
ABRIL;4/13/2026;FALTANTE ;C203134;YIWU LYFHON INTL TRADE CO LTD;1;$0.26;$0.26;ACCESORIOS;SEM-16
ABRIL;4/13/2026;FALTANTE ;C203190;YIWU LYFHON INTL TRADE CO LTD;2;$3.16;$6.32;CALZADO;SEM-16
ABRIL;4/13/2026;FALTANTE ;C203239;YIWU LYFHON INTL TRADE CO LTD;1;$4.17;$4.17;CALZADO;SEM-16
ABRIL;4/13/2026;FALTANTE ;C203257;YIWU LYFHON INTL TRADE CO LTD;1;$3.38;$3.38;CALZADO;SEM-16
ABRIL;4/13/2026;FALTANTE ;C203277;YIWU LYFHON INTL TRADE CO LTD;1;$3.88;$3.88;CALZADO;SEM-16
ABRIL;4/13/2026;FALTANTE ;C203614;YIWU LYFHON INTL TRADE CO LTD;12;$1.17;$14.01;INTERIOR DETALLE;SEM-16
ABRIL;4/13/2026;FALTANTE ;C204429;YIWU LYFHON INTL TRADE CO LTD;12;$1.27;$15.20;INTERIOR DETALLE;SEM-16
ABRIL;4/13/2026;FALTANTE ;C204672;YIWU LYFHON INTL TRADE CO LTD;1;$0.17;$0.17;BELLEZA;SEM-16
ABRIL;4/13/2026;FALTANTE ;C204695;YIWU LYFHON INTL TRADE CO LTD;3;$0.50;$1.50;BELLEZA;SEM-16
ABRIL;4/13/2026;FALTANTE ;C204715;YIWU LYFHON INTL TRADE CO LTD;2;$0.11;$0.22;BELLEZA;SEM-16
ABRIL;4/13/2026;FALTANTE ;C204753;YIWU LYFHON INTL TRADE CO LTD;1;$0.20;$0.20;BELLEZA;SEM-16
ABRIL;4/13/2026;FALTANTE ;492113;ABDALA ZONA LIBRE S.A / STARGROUP;1;$1.42;$1.42;CALZADO PLASTICO;SEM-16
ABRIL;4/13/2026;FALTANTE ;497877;ABDALA ZONA LIBRE S.A / STARGROUP;1;$1.42;$1.42;CALZADO PLASTICO;SEM-16
ABRIL;4/13/2026;FALTANTE ;C035800;ABDALA ZONA LIBRE S.A / STARGROUP;7;$1.50;$10.53;CALZADO PLASTICO;SEM-16
ABRIL;4/13/2026;FALTANTE ;C035802;ABDALA ZONA LIBRE S.A / STARGROUP;2;$1.42;$2.84;CALZADO PLASTICO;SEM-16
ABRIL;4/13/2026;FALTANTE ;c066971;ABDALA ZONA LIBRE S.A / STARGROUP;2;$1.51;$3.01;CALZADO PLASTICO;SEM-16
ABRIL;4/13/2026;FALTANTE ;C149089;ABDALA ZONA LIBRE S.A / STARGROUP;2;$3.51;$7.02;CALZADO PLASTICO;SEM-16
ABRIL;4/13/2026;FALTANTE ;C124170;APOLO ZONA LIBRE, S.A.;1;$6.67;$6.67;ROPA;SEM-16
ABRIL;4/13/2026;FALTANTE ;C139304;APOLO ZONA LIBRE, S.A.;1;$1.29;$1.29;ROPA;SEM-16
ABRIL;4/13/2026;FALTANTE ;C188747;APOLO ZONA LIBRE, S.A.;1;$7.75;$7.75;ROPA;SEM-16
ABRIL;4/13/2026;FALTANTE ;C199837;APOLO ZONA LIBRE, S.A.;1;$3.00;$3.00;ROPA;SEM-16
ABRIL;4/13/2026;FALTANTE ;C200562;APOLO ZONA LIBRE, S.A.;1;$3.50;$3.50;ROPA;SEM-16
ABRIL;4/13/2026;FALTANTE ;C200569;APOLO ZONA LIBRE, S.A.;1;$3.00;$3.00;ROPA;SEM-16
ABRIL;4/13/2026;FALTANTE ;C200572;APOLO ZONA LIBRE, S.A.;1;$3.50;$3.50;ROPA;SEM-16
ABRIL;4/13/2026;FALTANTE ;C200577;APOLO ZONA LIBRE, S.A.;2;$3.00;$6.00;ROPA;SEM-16
ABRIL;4/13/2026;FALTANTE ;C200593;APOLO ZONA LIBRE, S.A.;2;$3.83;$7.67;ROPA;SEM-16
ABRIL;4/13/2026;FALTANTE ;C200773;APOLO ZONA LIBRE, S.A.;3;$3.17;$9.50;ROPA;SEM-16
ABRIL;4/13/2026;FALTANTE ;C200784;APOLO ZONA LIBRE, S.A.;1;$5.50;$5.50;ROPA;SEM-16
ABRIL;4/13/2026;FALTANTE ;C202867;APOLO ZONA LIBRE, S.A.;12;$6.00;$72.02;ESCOLAR;SEM-16
ABRIL;4/13/2026;FALTANTE ;C202868;APOLO ZONA LIBRE, S.A.;12;$5.00;$60.02;ESCOLAR;SEM-16
ABRIL;4/13/2026;FALTANTE ;C202873;APOLO ZONA LIBRE, S.A.;2;$10.00;$20.01;ROPA;SEM-16
ABRIL;4/13/2026;FALTANTE ;C202912;APOLO ZONA LIBRE, S.A.;1;$8.84;$8.84;ROPA;SEM-16
ABRIL;4/13/2026;FALTANTE ;C203018;APOLO ZONA LIBRE, S.A.;1;$1.50;$1.50;ROPA;SEM-16
ABRIL;4/13/2026;FALTANTE ;C203029;APOLO ZONA LIBRE, S.A.;1;$1.29;$1.29;ROPA;SEM-16
ABRIL;4/13/2026;FALTANTE ;C203053;APOLO ZONA LIBRE, S.A.;1;$5.50;$5.50;ROPA;SEM-16
ABRIL;4/13/2026;FALTANTE ;C203061;APOLO ZONA LIBRE, S.A.;1;$11.01;$11.01;ROPA;SEM-16
ABRIL;4/13/2026;FALTANTE ;C199061;BODY GLOVE, S.A.;4;$8.00;$32.02;ROPA;SEM-16
ABRIL;4/13/2026;FALTANTE ;C199088;BODY GLOVE, S.A.;3;$1.83;$5.50;ROPA;SEM-16
ABRIL;4/13/2026;FALTANTE ;C199116;BODY GLOVE, S.A.;2;$3.50;$7.00;ROPA;SEM-16
ABRIL;4/13/2026;FALTANTE ;C199122;BODY GLOVE, S.A.;1;$7.00;$7.00;ROPA;SEM-16
ABRIL;4/13/2026;FALTANTE ;C199132;BODY GLOVE, S.A.;1;$6.50;$6.50;ROPA;SEM-16
ABRIL;4/13/2026;FALTANTE ;C205768;BODY GLOVE, S.A.;2;$6.51;$13.01;ROPA;SEM-16
ABRIL;4/13/2026;FALTANTE ;C199674;INTRATEX S.A.;1;$6.34;$6.34;ROPA;SEM-16
ABRIL;4/13/2026;FALTANTE ;C199681;INTRATEX S.A.;1;$6.34;$6.34;ROPA;SEM-16
ABRIL;4/13/2026;FALTANTE ;C201362;INTRATEX S.A.;1;$4.50;$4.50;ROPA;SEM-16
ABRIL;4/13/2026;FALTANTE ;C201363;INTRATEX S.A.;1;$4.50;$4.50;ROPA;SEM-16
ABRIL;4/13/2026;FALTANTE ;C201366;INTRATEX S.A.;1;$6.00;$6.00;ROPA;SEM-16
ABRIL;4/13/2026;FALTANTE ;C201370;INTRATEX S.A.;1;$4.33;$4.33;ROPA;SEM-16
ABRIL;4/13/2026;FALTANTE ;C201408;INTRATEX S.A.;1;$3.17;$3.17;ROPA;SEM-16
ABRIL;4/13/2026;FALTANTE ;C201454;INTRATEX S.A.;1;$4.00;$4.00;ROPA;SEM-16
ABRIL;4/13/2026;FALTANTE ;C203828;INTRATEX S.A.;1;$4.33;$4.33;ROPA;SEM-16
ABRIL;4/13/2026;FALTANTE ;C206731;INTRATEX S.A.;2;$5.25;$10.50;ROPA;SEM-16
ABRIL;4/13/2026;FALTANTE ;C206765;INTRATEX S.A.;1;$3.67;$3.67;ROPA;SEM-16
ABRIL;4/13/2026;FALTANTE ;C186031;PANAMERA GROUP;1;$1.00;$1.00;ROPA;SEM-16
ABRIL;4/13/2026;FALTANTE ;C200348;PANAMERA GROUP;5;$3.00;$15.00;ROPA;SEM-16
ABRIL;4/13/2026;FALTANTE ;C200379;PANAMERA GROUP;1;$4.17;$4.17;ROPA;SEM-16
ABRIL;4/13/2026;FALTANTE ;C200386;PANAMERA GROUP;1;$6.01;$6.01;ROPA;SEM-16
ABRIL;4/13/2026;FALTANTE ;C200413;PANAMERA GROUP;1;$7.33;$7.33;ROPA;SEM-16
ABRIL;4/13/2026;FALTANTE ;C200446;PANAMERA GROUP;8;$6.00;$48.00;ROPA;SEM-16
ABRIL;4/13/2026;FALTANTE ;C202677;PANAMERA GROUP;1;$4.00;$4.00;ROPA;SEM-16
ABRIL;4/13/2026;FALTANTE ;C206061;PANAMERA GROUP;1;$3.50;$3.50;ROPA;SEM-16
ABRIL;4/13/2026;FALTANTE ;C206110;PANAMERA GROUP;1;$4.58;$4.58;ROPA;SEM-16
ABRIL;4/13/2026;FALTANTE ;C206320;PANAMERA GROUP;1;$7.33;$7.33;ROPA;SEM-16
ABRIL;4/13/2026;FALTANTE ;C206380;PANAMERA GROUP;1;$2.67;$2.67;ROPA;SEM-16
ABRIL;4/13/2026;FALTANTE ;C206549;PANAMERA GROUP;1;$8.67;$8.67;ROPA;SEM-16
ABRIL;4/13/2026;FALTANTE ;C206565;PANAMERA GROUP;1;$3.50;$3.50;ROPA;SEM-16
ABRIL;4/13/2026;FALTANTE ;C206617;PANAMERA GROUP;2;$3.00;$6.00;ROPA;SEM-16
ABRIL;4/13/2026;FALTANTE ;C082319;UNION ZONA LIBRE S.A.;24;$0.40;$9.51;INTERIOR DETALLE;SEM-16
ABRIL;4/13/2026;FALTANTE ;C108648;UNION ZONA LIBRE S.A.;12;$0.82;$9.83;INTERIOR DETALLE;SEM-16
ABRIL;4/13/2026;FALTANTE ;C149475;UNION ZONA LIBRE S.A.;1;$2.09;$2.09;DEPORTIVA;SEM-16
ABRIL;4/13/2026;FALTANTE ;C182459;UNION ZONA LIBRE S.A.;12;$0.40;$4.76;INTERIOR DETALLE;SEM-16
ABRIL;4/13/2026;FALTANTE ;C182460;UNION ZONA LIBRE S.A.;12;$0.40;$4.76;INTERIOR DETALLE;SEM-16
ABRIL;4/13/2026;FALTANTE ;C190788;UNION ZONA LIBRE S.A.;12;$0.35;$4.25;INTERIOR DETALLE;SEM-16
ABRIL;4/13/2026;FALTANTE ;C190798;UNION ZONA LIBRE S.A.;24;$0.40;$9.51;INTERIOR DETALLE;SEM-16
ABRIL;4/13/2026;FALTANTE ;345169;ELBROS INTERNACIONAL S.A;4;$0.65;$2.60;ESCOLAR;SEM-16
ABRIL;4/13/2026;FALTANTE ;C201086;ELBROS INTERNACIONAL S.A;4;$0.85;$3.40;INTERIOR DETALLE;SEM-16
ABRIL;4/13/2026;FALTANTE ;C201435;ELBROS INTERNACIONAL S.A;2;$4.01;$8.02;ROPA;SEM-16
ABRIL;4/13/2026;FALTANTE ;296770;NEMO TRADERS SA;8;$2.73;$21.85;HOGAR;SEM-16
ABRIL;4/13/2026;FALTANTE ;431801;NEMO TRADERS SA;1;$0.57;$0.57;HOGAR;SEM-16
ABRIL;4/13/2026;FALTANTE ;C156601;NEMO TRADERS SA;4;$3.35;$13.40;HOGAR;SEM-16
ABRIL;4/13/2026;FALTANTE ;C196141;NEMO TRADERS SA;7;$2.32;$16.24;HOGAR;SEM-16
ABRIL;4/13/2026;FALTANTE ;C196200;NEMO TRADERS SA;1;$3.71;$3.71;HOGAR;SEM-16
ABRIL;4/13/2026;FALTANTE ;C211023;YIWU LYFHON INTL TRADE CO LTD;56;$0.37;$20.96;HOGAR;SEM-16
ABRIL;4/30/2026;DAÑADO ;C201693;YIWU LYFHON INTL TRADE CO LTD;31;$0.21;$6.60;HOGAR;SEM-18
ABRIL;4/30/2026;DAÑADO ;C177595;YIWU LYFHON INTL TRADE CO LTD;38;$0.20;$7.42;BELLEZA;SEM-18
ABRIL;4/30/2026;DAÑADO ;C208273;YIWU LYFHON INTL TRADE CO LTD;41;$0.35;$14.17;HOGAR;SEM-18
ABRIL;4/30/2026;DAÑADO ;C141635;B.S.D. TRADING COMPANY LTD;192;$4.92;$944.00;ROPA;SEM-18
ABRIL;4/30/2026;DAÑADO ;C205302;YIWU LYFHON INTL TRADE CO LTD;37;$0.95;$35.11;HOGAR;SEM-18
ABRIL;4/30/2026;FALTANTE ;C212805;JEANCENTER CORP;2;$0.65;$23.00;ROPA;SEM-18
ABRIL;4/30/2026;FALTANTE ;c212778;JEANCENTER CORP;1;$6.41;$10.00;ROPA;SEM-18
ABRIL;4/30/2026;FALTANTE ;c212848;JEANCENTER CORP;1;$11.50;$11.50;ROPA;SEM-18
ABRIL;4/30/2026;VENCIDO ;425177;NEVADA OUTLET,S.A.;472;$0.65;$306.99;CUIDADO PERSONAL;SEM-18
ABRIL;4/30/2026;FALTANTE ;C210860;YIWU LYFHON INTL TRADE CO LTD;20;$0.40;$8.06;HOGAR;SEM-18
ABRIL;4/30/2026;FALTANTE ;C205288;YIWU LYFHON INTL TRADE CO LTD;100;$1.23;$122.50;HOGAR;SEM-18
ABRIL;4/30/2026;FALTANTE ;C214602;VOON MODA S.A;12;$5.17;$62.06;ROPA;SEM-18
ABRIL;4/30/2026;FALTANTE ;C205289;YIWU LYFHON INTL TRADE CO LTD;360;$0.16;$55.90;HOGAR;SEM-18
ABRIL;4/30/2026;DAÑADO ;C215175;MEGATOP ZONA LIBRE S A;6;$6.41;$38.46;HOGAR;SEM-18
ABRIL;4/30/2026;VENCIDO ;C215112;WALID MAGNATE, S.A.;192;$2.00;$384.07;CUIDADO PERSONAL;SEM-18
ABRIL;4/30/2026;VENCIDO ;427057;WALID MAGNATE, S.A.;215;$1.00;$215.04;CUIDADO PERSONAL;SEM-18
ABRIL;4/30/2026;VENCIDO ;C215111;WALID MAGNATE, S.A.;192;$2.00;$384.07;CUIDADO PERSONAL;SEM-18
ABRIL;4/30/2026;VENCIDO ;395460;WALID MAGNATE, S.A.;144;$1.50;$216.04;CUIDADO PERSONAL;SEM-18
ABRIL;4/30/2026;VENCIDO ;C215105;WALID MAGNATE, S.A.;192;$9.50;$1,824.32;CUIDADO PERSONAL;SEM-18
ABRIL;4/30/2026;VENCIDO ;C215106;WALID MAGNATE, S.A.;192;$8.50;$1,632.29;CUIDADO PERSONAL;SEM-18
ABRIL;4/30/2026;VENCIDO ;395456;WALID MAGNATE, S.A.;144;$1.50;$216.04;CUIDADO PERSONAL;SEM-18
ABRIL;4/30/2026;VENCIDO ;395461;WALID MAGNATE, S.A.;144;$1.50;$216.04;CUIDADO PERSONAL;SEM-18
ABRIL;4/30/2026;VENCIDO ;395457;WALID MAGNATE, S.A.;144;$1.50;$216.04;CUIDADO PERSONAL;SEM-18
ABRIL;4/30/2026;VENCIDO ;C215113;WALID MAGNATE, S.A.;159;$2.00;$318.06;CUIDADO PERSONAL;SEM-18
ABRIL;4/20/2026;USO GERENCIA ;C145466;YIWU LYFHON INTL TRADE CO LTD;3;$150.58;$451.74;DEPORTIVA;SEM-17
ABRIL;4/20/2026;USO GERENCIA ;C184457;YIWU LYFHON INTL TRADE CO LTD;3;$155.43;$466.30;DEPORTIVA;SEM-17
ABRIL;4/20/2026;USO GERENCIA ;C145469;YIWU LYFHON INTL TRADE CO LTD;3;$150.58;$451.74;DEPORTIVA;SEM-17
ABRIL;4/20/2026;USO GERENCIA ;C210848;YIWU LYFHON INTL TRADE CO LTD;4;$41.40;$165.59;HOGAR;SEM-17
ABRIL;4/20/2026;USO GERENCIA ;C203321;YIWU LYFHON INTL TRADE CO LTD;2;$31.79;$63.57;HOGAR;SEM-17
ABRIL;4/20/2026;USO GERENCIA ;C195576;YIWU LYFHON INTL TRADE CO LTD;3;$5.94;$17.82;CELEBRACIONES;SEM-17
ABRIL;4/20/2026;USO GERENCIA ;C195558;YIWU LYFHON INTL TRADE CO LTD;2;$6.33;$12.66;CELEBRACIONES;SEM-17
ABRIL;4/20/2026;USO GERENCIA ;C208312;EFON INTL CORPORATION;24;$24.00;$576.08;BELLEZA;SEM-17
ABRIL;4/20/2026;USO GERENCIA ;C057269;YIWU LYFHON INTL TRADE CO LTD;6;$7.40;$44.38;BELLEZA;SEM-17
ABRIL;4/24/2026;DISPLAY;C010324;LEO MANNEQUINS LIMITED;20;$1,674.49;$33,489.80;MERCADERIA DE CONSUMO;SEM-17
ABRIL;4/24/2026;DISPLAY;C212196;LEO MANNEQUINS LIMITED;10;$2,120.13;$21,201.28;MERCADERIA DE CONSUMO;SEM-17
ABRIL;4/24/2026;DISPLAY;C138008;LEO MANNEQUINS LIMITED;9;$1,913.28;$17,219.53;MERCADERIA DE CONSUMO;SEM-17
ABRIL;4/24/2026;DISPLAY;C010321;LEO MANNEQUINS LIMITED;7;$2,055.60;$14,389.20;MERCADERIA DE CONSUMO;SEM-17
ABRIL;4/24/2026;DISPLAY;C059992;LEO MANNEQUINS LIMITED;10;$311.15;$3,111.47;MERCADERIA DE CONSUMO;SEM-17
ABRIL;4/24/2026;DISPLAY;C138017;LEO MANNEQUINS LIMITED;15;$2,511.51;$37,672.71;MERCADERIA DE CONSUMO;SEM-17
ABRIL;4/24/2026;DISPLAY;C138016;LEO MANNEQUINS LIMITED;10;$2,751.10;$27,510.95;MERCADERIA DE CONSUMO;SEM-17
ABRIL;4/24/2026;DISPLAY;C082806;LEO MANNEQUINS LIMITED;20;$478.67;$9,573.37;MERCADERIA DE CONSUMO;SEM-17
ABRIL;4/24/2026;DISPLAY;C138013;LEO MANNEQUINS LIMITED;4;$1,878.30;$7,513.20;MERCADERIA DE CONSUMO;SEM-17
ABRIL;4/24/2026;DISPLAY;C138014;LEO MANNEQUINS LIMITED;6;$1,878.52;$11,271.12;MERCADERIA DE CONSUMO;SEM-17
ABRIL;4/24/2026;DISPLAY;C138015;LEO MANNEQUINS LIMITED;6;$2,022.81;$12,136.85;MERCADERIA DE CONSUMO;SEM-17
ABRIL;4/24/2026;USO GERENCIA ;C203739;GROUP LATAM CO.,LIMITED;5;$4,393.79;$21,968.94;MERCADERIA DE CONSUMO;SEM-17
ABRIL;4/24/2026;USO GERENCIA ;C203740;GROUP LATAM CO.,LIMITED;3;$4,897.07;$14,691.22;MERCADERIA DE CONSUMO;SEM-17
ABRIL;4/24/2026;USO GERENCIA ;C203741;GROUP LATAM CO.,LIMITED;2;$6,403.86;$12,807.71;MERCADERIA DE CONSUMO;SEM-17
ABRIL;4/24/2026;USO GERENCIA ;C203739;GROUP LATAM CO.,LIMITED;3;$4,393.79;$13,181.36;MERCADERIA DE CONSUMO;SEM-17
ABRIL;4/24/2026;USO GERENCIA ;C184457;YIWU LYFHON INTL TRADE CO LTD;1;$155.43;$155.43;DEPORTIVA;SEM-17
ABRIL;4/24/2026;USO GERENCIA ;C183500;XIAMEN UNIBEST IMPORT AND EXPORT;1;$202.51;$202.51;DEPORTIVA;SEM-17
ABRIL;4/24/2026;USO SUMINISTRO;C215453;YIWU LYFHON INTL TRADE CO LTD;4;$2,080.00;$8,319.98;MERCADERIA DE CONSUMO;SEM-17
ABRIL;4/8/2026;COBRO ;449724;INTERCOSMO, S.A. DE C.V.;1;$38.00;$38.00;CUIDADO PERSONAL;SEM-15
ABRIL;4/8/2026;COBRO ;459863;INTERCOSMO, S.A. DE C.V.;1;$42.75;$42.75;CUIDADO PERSONAL;SEM-15
ABRIL;4/8/2026;SUMINISTRO;C203353;YIWU LYFHON INTL TRADE CO LTD;28800;$0.15;$4,290.57;MERCADERIA DE CONSUMO;SEM-15
ABRIL;4/8/2026;SUMINISTRO;C203359;YIWU LYFHON INTL TRADE CO LTD;25600;$0.20;$5,085.39;MERCADERIA DE CONSUMO;SEM-15
ABRIL;4/8/2026;SUMINISTRO;C203360;YIWU LYFHON INTL TRADE CO LTD;26600;$0.25;$6,604.62;MERCADERIA DE CONSUMO;SEM-15
ABRIL;4/8/2026;SUMINISTRO;C203361;YIWU LYFHON INTL TRADE CO LTD;26000;$0.20;$5,162.17;MERCADERIA DE CONSUMO;SEM-15
ABRIL;4/8/2026;SUMINISTRO;C203362;YIWU LYFHON INTL TRADE CO LTD;26100;$0.15;$3,886.84;MERCADERIA DE CONSUMO;SEM-15
ABRIL;4/8/2026;SUMINISTRO;C203363;YIWU LYFHON INTL TRADE CO LTD;26100;$0.20;$5,186.80;MERCADERIA DE CONSUMO;SEM-15
ABRIL;4/8/2026;SUMINISTRO;C203364;YIWU LYFHON INTL TRADE CO LTD;26100;$0.25;$6,478.46;MERCADERIA DE CONSUMO;SEM-15
ABRIL;4/8/2026;SUMINISTRO;C203365;YIWU LYFHON INTL TRADE CO LTD;26200;$0.20;$5,203.08;MERCADERIA DE CONSUMO;SEM-15
ABRIL;4/8/2026;SUMINISTRO;C203366;YIWU LYFHON INTL TRADE CO LTD;55500;$0.15;$8,269.78;MERCADERIA DE CONSUMO;SEM-15
ABRIL;4/8/2026;SUMINISTRO;C203354;YIWU LYFHON INTL TRADE CO LTD;50000;$0.20;$9,931.10;MERCADERIA DE CONSUMO;SEM-15
ABRIL;4/8/2026;SUMINISTRO;C203355;YIWU LYFHON INTL TRADE CO LTD;100000;$0.25;$24,831.30;MERCADERIA DE CONSUMO;SEM-15
ABRIL;4/8/2026;SUMINISTRO;C203356;YIWU LYFHON INTL TRADE CO LTD;63000;$0.15;$9,386.06;MERCADERIA DE CONSUMO;SEM-15
ABRIL;4/8/2026;SUMINISTRO;C203357;YIWU LYFHON INTL TRADE CO LTD;157500;$0.15;$23,463.41;MERCADERIA DE CONSUMO;SEM-15
ABRIL;4/8/2026;SUMINISTRO;C203358;YIWU LYFHON INTL TRADE CO LTD;101000;$0.20;$20,061.13;MERCADERIA DE CONSUMO;SEM-15
ABRIL;4/8/2026;SUMINISTRO;C203352;YIWU LYFHON INTL TRADE CO LTD;56000;$0.15;$8,339.58;MERCADERIA DE CONSUMO;SEM-15
ABRIL;4/8/2026;SUMINISTRO;C203367;YIWU LYFHON INTL TRADE CO LTD;61200;$0.20;$12,157.14;MERCADERIA DE CONSUMO;SEM-15
ABRIL;4/8/2026;SUMINISTRO;C203368;YIWU LYFHON INTL TRADE CO LTD;60900;$0.25;$15,118.18;MERCADERIA DE CONSUMO;SEM-15
ABRIL;4/8/2026;TELA PARA HACER FAJA ;279576;YIWU RED TRADE CO, LTD;498;$27.05;$13,470.90;TELA;SEM-15
ABRIL;4/15/2026;TELA PARA HACER FAJA ;279576;YIWU RED TRADE CO, LTD;498;$27.05;$13,470.90;TELA;SEM-16
ABRIL;4/8/2026;TELA PARA HACER FAJA ;279576;YIWU RED TRADE CO, LTD;30;$27.05;$811.50;TELA;SEM-15
ABRIL;4/16/2026;TELA PARA HACER FAJA ;279576;YIWU RED TRADE CO, LTD;30;$27.05;$811.50;TELA;SEM-16
ABRIL;4/8/2026;FALTANTE ;C180903;;2;$361.39;$722.70;HOGAR;SEM-15
ABRIL;4/21/2026;FALTANTE ;C180903;;2;$361.39;$722.70;HOGAR;SEM-17
ABRIL;4/21/2026;USO DE CONTROL Y CALIDAD;C185292;YIWU LYFHON INTL TRADE CO LTD;959;$11.82;$11,338.77;ACCESORIOS;SEM-17
ABRIL;4/21/2026;ENTRADA/SIN SALDO DAÑADO;384365;NEMO TRADERS SA;1;$19.36;$19.36;HOGAR;SEM-17
ABRIL;4/21/2026;ENTRADA/SIN SALDO DAÑADO;C152083;NOVA ZONA LIBRE, S.A.;1;$11.06;$11.06;HOGAR;SEM-17
ABRIL;4/21/2026;SUMINISTRO;C198696;YIWU LYFHON INTL TRADE CO LTD;96;$29.37;$2,819.13;HOGAR;SEM-17
ABRIL;4/21/2026;SUMINISTRO;C198697;YIWU LYFHON INTL TRADE CO LTD;30;$40.25;$1,207.64;HOGAR;SEM-17
ABRIL;4/21/2026;SUMINISTRO;C198695;YIWU LYFHON INTL TRADE CO LTD;84;$30.84;$2,590.71;HOGAR;SEM-17
ABRIL;4/2/2026;SALIDA;c174293;YIWU LYFHON INTL TRADE CO LTD;1;$63.73;$63.73;HOGAR;SEM-14
ABRIL;4/16/2026;SALIDA RECLA;C208167;YIWU LYFHON INTL TRADE CO LTD;20;$58.59;$1,171.70;ROPA;SEM-16
ABRIL;4/16/2026;SALIDA RECLA;C205600;VESTIRAMA S.A.;6;$222.55;$1,335.29;ROPA;SEM-16
ABRIL;4/16/2026;SALIDA RECLA;C205751;VESTIRAMA S.A.;24;$77.70;$1,864.77;ROPA;SEM-16
ABRIL;4/16/2026;SALIDA RECLA;C184552;YIWU LYFHON INTL TRADE CO LTD;24;$77.08;$1,849.99;ACCESORIOS;SEM-16
ABRIL;4/16/2026;SALIDA RECLA;c180969;YIWU LYFHON INTL TRADE CO LTD;25;$55.88;$1,397.05;ACCESORIOS;SEM-16
ABRIL;4/16/2026;SALIDA RECLA;C071421;YIWU LYFHON INTL TRADE CO LTD;1;$51.37;$51.37;HOGAR;SEM-16
ABRIL;4/16/2026;SALIDA RECLA;C095867;YIWU LYFHON INTL TRADE CO LTD;1;$202.52;$202.52;JUGUETERIA;SEM-16
ABRIL;4/16/2026;SALIDA RECLA;C145212;YIWU LYFHON INTL TRADE CO LTD;1;$53.19;$53.19;BELLEZA;SEM-16
ABRIL;4/16/2026;SALIDA RECLA;C145239;YIWU LYFHON INTL TRADE CO LTD;1;$8.46;$8.46;BELLEZA;SEM-16
ABRIL;4/16/2026;SALIDA RECLA;C147516;YIWU LYFHON INTL TRADE CO LTD;2;$48.24;$96.48;HOGAR;SEM-16
ABRIL;4/16/2026;SALIDA RECLA;C157490;YIWU LYFHON INTL TRADE CO LTD;4;$15.95;$63.82;INTERIOR DETALLE;SEM-16
ABRIL;4/16/2026;SALIDA RECLA;C160178;YIWU LYFHON INTL TRADE CO LTD;1;$118.83;$118.83;JUGUETERIA;SEM-16
ABRIL;4/16/2026;SALIDA RECLA;C161387;YIWU LYFHON INTL TRADE CO LTD;8;$12.81;$102.51;INTERIOR DETALLE;SEM-16
ABRIL;4/16/2026;SALIDA RECLA;C161565;YIWU LYFHON INTL TRADE CO LTD;1;$250.67;$250.67;BEBE;SEM-16
ABRIL;4/16/2026;SALIDA RECLA;C165206;YIWU LYFHON INTL TRADE CO LTD;1;$4.36;$4.36;CELEBRACIONES;SEM-16
ABRIL;4/16/2026;SALIDA RECLA;C165484;YIWU LYFHON INTL TRADE CO LTD;5;$53.71;$268.57;ACCESORIOS;SEM-16
ABRIL;4/16/2026;SALIDA RECLA;C171109;YIWU LYFHON INTL TRADE CO LTD;4;$10.83;$43.32;INTERIOR DETALLE;SEM-16
ABRIL;4/16/2026;SALIDA RECLA;C171110;YIWU LYFHON INTL TRADE CO LTD;4;$10.51;$42.05;INTERIOR DETALLE;SEM-16
ABRIL;4/16/2026;SALIDA RECLA;C171269;YIWU LYFHON INTL TRADE CO LTD;12;$23.06;$276.76;INTERIOR DETALLE;SEM-16
ABRIL;4/16/2026;SALIDA RECLA;C171787;YIWU LYFHON INTL TRADE CO LTD;1;$10.14;$10.14;BELLEZA;SEM-16
ABRIL;4/16/2026;SALIDA RECLA;C171796;YIWU LYFHON INTL TRADE CO LTD;1;$51.97;$51.97;BELLEZA;SEM-16
ABRIL;4/16/2026;SALIDA RECLA;C172176;YIWU LYFHON INTL TRADE CO LTD;4;$16.96;$67.85;INTERIOR DETALLE;SEM-16
ABRIL;4/16/2026;SALIDA RECLA;C172191;YIWU LYFHON INTL TRADE CO LTD;20;$17.96;$359.22;INTERIOR DETALLE;SEM-16
ABRIL;4/16/2026;SALIDA RECLA;C172542;YIWU LYFHON INTL TRADE CO LTD;4;$10.88;$43.52;INTERIOR DETALLE;SEM-16
ABRIL;4/16/2026;SALIDA RECLA;C172865;YIWU LYFHON INTL TRADE CO LTD;4;$14.95;$59.78;INTERIOR DETALLE;SEM-16
ABRIL;4/16/2026;SALIDA RECLA;C176621;YIWU LYFHON INTL TRADE CO LTD;12;$3.11;$37.33;BELLEZA;SEM-16
ABRIL;4/16/2026;SALIDA RECLA;C176643;YIWU LYFHON INTL TRADE CO LTD;1;$51.84;$51.84;BELLEZA;SEM-16
ABRIL;4/16/2026;SALIDA RECLA;C177837;YIWU LYFHON INTL TRADE CO LTD;5;$99.68;$498.42;JUGUETERIA;SEM-16
ABRIL;4/16/2026;SALIDA RECLA;C177966;YIWU LYFHON INTL TRADE CO LTD;1;$14.21;$14.21;HOGAR;SEM-16
ABRIL;4/16/2026;SALIDA RECLA;C178631;YIWU LYFHON INTL TRADE CO LTD;4;$10.60;$42.42;INTERIOR DETALLE;SEM-16
ABRIL;4/16/2026;SALIDA RECLA;C181807;YIWU LYFHON INTL TRADE CO LTD;1;$5.88;$5.88;INTERIOR DETALLE;SEM-16
ABRIL;4/16/2026;SALIDA RECLA;C184578;YIWU LYFHON INTL TRADE CO LTD;4;$52.99;$211.95;ACCESORIOS;SEM-16
ABRIL;4/16/2026;SALIDA RECLA;C184579;YIWU LYFHON INTL TRADE CO LTD;1;$57.81;$57.81;ACCESORIOS;SEM-16
ABRIL;4/16/2026;SALIDA RECLA;C184661;YIWU LYFHON INTL TRADE CO LTD;4;$11.53;$46.11;INTERIOR DETALLE;SEM-16
ABRIL;4/16/2026;SALIDA RECLA;C184664;YIWU LYFHON INTL TRADE CO LTD;4;$11.53;$46.11;INTERIOR DETALLE;SEM-16
ABRIL;4/16/2026;SALIDA RECLA;C184676;YIWU LYFHON INTL TRADE CO LTD;4;$12.25;$48.99;INTERIOR DETALLE;SEM-16
ABRIL;4/16/2026;SALIDA RECLA;C184677;YIWU LYFHON INTL TRADE CO LTD;4;$12.25;$48.99;INTERIOR DETALLE;SEM-16
ABRIL;4/16/2026;SALIDA RECLA;C191313;YIWU LYFHON INTL TRADE CO LTD;12;$42.38;$508.50;INTERIOR DETALLE;SEM-16
ABRIL;4/16/2026;SALIDA RECLA;C191316;YIWU LYFHON INTL TRADE CO LTD;12;$38.89;$466.63;INTERIOR DETALLE;SEM-16
ABRIL;4/16/2026;SALIDA RECLA;C191434;YIWU LYFHON INTL TRADE CO LTD;12;$7.39;$88.73;ACCESORIOS;SEM-16
ABRIL;4/16/2026;SALIDA RECLA;C192845;YIWU LYFHON INTL TRADE CO LTD;6;$25.03;$150.15;INTERIOR DETALLE;SEM-16
ABRIL;4/16/2026;SALIDA RECLA;C192851;YIWU LYFHON INTL TRADE CO LTD;24;$10.83;$259.92;INTERIOR DETALLE;SEM-16
ABRIL;4/16/2026;SALIDA RECLA;C193898;YIWU LYFHON INTL TRADE CO LTD;12;$37.58;$450.92;INTERIOR DETALLE;SEM-16
ABRIL;4/16/2026;SALIDA RECLA;C194002;YIWU LYFHON INTL TRADE CO LTD;12;$40.09;$481.13;INTERIOR DETALLE;SEM-16
ABRIL;4/16/2026;SALIDA RECLA;C194978;YIWU LYFHON INTL TRADE CO LTD;2;$19.35;$38.71;INTERIOR DETALLE;SEM-16
ABRIL;4/16/2026;SALIDA RECLA;C194986;YIWU LYFHON INTL TRADE CO LTD;5;$82.29;$411.43;INTERIOR DETALLE;SEM-16
ABRIL;4/16/2026;SALIDA RECLA;C195024;YIWU LYFHON INTL TRADE CO LTD;12;$13.55;$162.64;INTERIOR DETALLE;SEM-16
ABRIL;4/16/2026;SALIDA RECLA;C195510;YIWU LYFHON INTL TRADE CO LTD;12;$10.89;$130.67;ACCESORIOS;SEM-16
ABRIL;4/16/2026;SALIDA RECLA;C195555;YIWU LYFHON INTL TRADE CO LTD;1;$8.32;$8.32;CELEBRACIONES;SEM-16
ABRIL;4/16/2026;SALIDA RECLA;C195566;YIWU LYFHON INTL TRADE CO LTD;2;$5.94;$11.88;CELEBRACIONES;SEM-16
ABRIL;4/16/2026;SALIDA RECLA;C195604;YIWU LYFHON INTL TRADE CO LTD;1;$8.32;$8.32;CELEBRACIONES;SEM-16
ABRIL;4/16/2026;SALIDA RECLA;C196399;YIWU LYFHON INTL TRADE CO LTD;1;$49.16;$49.16;BELLEZA;SEM-16
ABRIL;4/16/2026;SALIDA RECLA;C196501;YIWU LYFHON INTL TRADE CO LTD;1;$18.80;$18.80;JUGUETERIA;SEM-16
ABRIL;4/16/2026;SALIDA RECLA;C196785;YIWU LYFHON INTL TRADE CO LTD;24;$2.42;$57.96;BELLEZA;SEM-16
ABRIL;4/16/2026;SALIDA RECLA;C196863;YIWU LYFHON INTL TRADE CO LTD;12;$22.09;$265.05;ACCESORIOS;SEM-16
ABRIL;4/16/2026;SALIDA RECLA;C196897;YIWU LYFHON INTL TRADE CO LTD;1;$27.98;$27.98;ACCESORIOS;SEM-16
ABRIL;4/16/2026;SALIDA RECLA;C196904;YIWU LYFHON INTL TRADE CO LTD;1;$27.98;$27.98;ACCESORIOS;SEM-16
ABRIL;4/16/2026;SALIDA RECLA;C197042;YIWU LYFHON INTL TRADE CO LTD;1;$53.62;$53.62;BELLEZA;SEM-16
ABRIL;4/16/2026;SALIDA RECLA;C197044;YIWU LYFHON INTL TRADE CO LTD;1;$57.10;$57.10;BELLEZA;SEM-16
ABRIL;4/16/2026;SALIDA RECLA;C197151;YIWU LYFHON INTL TRADE CO LTD;12;$20.85;$250.23;ACCESORIOS;SEM-16
ABRIL;4/16/2026;SALIDA RECLA;C197212;YIWU LYFHON INTL TRADE CO LTD;1;$38.99;$38.99;HOGAR;SEM-16
ABRIL;4/16/2026;SALIDA RECLA;C197216;YIWU LYFHON INTL TRADE CO LTD;2;$37.49;$74.98;HOGAR;SEM-16
ABRIL;4/16/2026;SALIDA RECLA;C197259;YIWU LYFHON INTL TRADE CO LTD;3;$30.14;$90.41;HOGAR;SEM-16
ABRIL;4/16/2026;SALIDA RECLA;C197508;YIWU LYFHON INTL TRADE CO LTD;12;$6.42;$77.09;ACCESORIOS;SEM-16
ABRIL;4/16/2026;SALIDA RECLA;C197539;YIWU LYFHON INTL TRADE CO LTD;1;$14.87;$14.87;HOGAR;SEM-16
ABRIL;4/16/2026;SALIDA RECLA;C197621;YIWU LYFHON INTL TRADE CO LTD;1;$39.66;$39.66;ACCESORIOS;SEM-16
ABRIL;4/16/2026;SALIDA RECLA;C197854;YIWU LYFHON INTL TRADE CO LTD;8;$148.95;$1,191.60;ACCESORIOS;SEM-16
ABRIL;4/16/2026;SALIDA RECLA;C197855;YIWU LYFHON INTL TRADE CO LTD;3;$191.50;$574.51;ACCESORIOS;SEM-16
ABRIL;4/16/2026;SALIDA RECLA;C200060;YIWU LYFHON INTL TRADE CO LTD;1;$10.00;$10.00;BELLEZA;SEM-16
ABRIL;4/16/2026;SALIDA RECLA;C200143;YIWU LYFHON INTL TRADE CO LTD;1;$40.02;$40.02;ACCESORIOS;SEM-16
ABRIL;4/16/2026;SALIDA RECLA;C200299;YIWU LYFHON INTL TRADE CO LTD;1;$39.37;$39.37;ACCESORIOS;SEM-16
ABRIL;4/16/2026;SALIDA RECLA;C200309;YIWU LYFHON INTL TRADE CO LTD;1;$26.24;$26.24;ACCESORIOS;SEM-16
ABRIL;4/16/2026;SALIDA RECLA;C201547;YIWU LYFHON INTL TRADE CO LTD;2;$8.95;$17.89;ACCESORIOS;SEM-16
ABRIL;4/16/2026;SALIDA RECLA;C201638;YIWU LYFHON INTL TRADE CO LTD;5;$11.76;$58.78;HOGAR;SEM-16
ABRIL;4/16/2026;SALIDA RECLA;C201646;YIWU LYFHON INTL TRADE CO LTD;5;$15.35;$76.73;HOGAR;SEM-16
ABRIL;4/16/2026;SALIDA RECLA;C201709;YIWU LYFHON INTL TRADE CO LTD;2;$48.05;$96.10;CALZADO PLASTICO;SEM-16
ABRIL;4/16/2026;SALIDA RECLA;C201742;YIWU LYFHON INTL TRADE CO LTD;1;$8.62;$8.62;ACCESORIOS;SEM-16
ABRIL;4/16/2026;SALIDA RECLA;C201754;YIWU LYFHON INTL TRADE CO LTD;1;$22.21;$22.21;CUIDADO PERSONAL;SEM-16
ABRIL;4/16/2026;SALIDA RECLA;C201755;YIWU LYFHON INTL TRADE CO LTD;1;$25.83;$25.83;CUIDADO PERSONAL;SEM-16
ABRIL;4/16/2026;SALIDA RECLA;C201773;YIWU LYFHON INTL TRADE CO LTD;12;$6.20;$74.37;ACCESORIOS;SEM-16
ABRIL;4/16/2026;SALIDA RECLA;C201803;YIWU LYFHON INTL TRADE CO LTD;1;$8.08;$8.08;HOGAR;SEM-16
ABRIL;4/16/2026;SALIDA RECLA;C201860;YIWU LYFHON INTL TRADE CO LTD;1;$10.10;$10.10;HOGAR;SEM-16
ABRIL;4/16/2026;SALIDA RECLA;C201882;YIWU LYFHON INTL TRADE CO LTD;1;$4.55;$4.55;HOGAR;SEM-16
ABRIL;4/16/2026;SALIDA RECLA;C201883;YIWU LYFHON INTL TRADE CO LTD;4;$6.06;$24.24;HOGAR;SEM-16
ABRIL;4/16/2026;SALIDA RECLA;C201891;YIWU LYFHON INTL TRADE CO LTD;12;$19.71;$236.50;ACCESORIOS;SEM-16
ABRIL;4/16/2026;SALIDA RECLA;C201901;YIWU LYFHON INTL TRADE CO LTD;1;$19.71;$19.71;ACCESORIOS;SEM-16
ABRIL;4/16/2026;SALIDA RECLA;C201995;YIWU LYFHON INTL TRADE CO LTD;1;$64.00;$64.00;ACCESORIOS;SEM-16
ABRIL;4/16/2026;SALIDA RECLA;C202153;YIWU LYFHON INTL TRADE CO LTD;3;$106.26;$318.77;CALZADO;SEM-16
ABRIL;4/16/2026;SALIDA RECLA;C202252;YIWU LYFHON INTL TRADE CO LTD;1;$36.00;$36.00;BEBE;SEM-16
ABRIL;4/16/2026;SALIDA RECLA;C202508;YIWU LYFHON INTL TRADE CO LTD;1;$16.28;$16.28;HOGAR;SEM-16
ABRIL;4/16/2026;SALIDA RECLA;C202613;YIWU LYFHON INTL TRADE CO LTD;6;$3.06;$18.37;ACCESORIOS;SEM-16
ABRIL;4/16/2026;SALIDA RECLA;C202637;YIWU LYFHON INTL TRADE CO LTD;1;$18.39;$18.39;ACCESORIOS;SEM-16
ABRIL;4/16/2026;SALIDA RECLA;C203080;YIWU LYFHON INTL TRADE CO LTD;1;$2.03;$2.03;CUIDADO PERSONAL;SEM-16
ABRIL;4/16/2026;SALIDA RECLA;C203114;YIWU LYFHON INTL TRADE CO LTD;4;$3.40;$13.60;CUIDADO PERSONAL;SEM-16
ABRIL;4/16/2026;SALIDA RECLA;C203132;YIWU LYFHON INTL TRADE CO LTD;1;$9.13;$9.13;ACCESORIOS;SEM-16
ABRIL;4/16/2026;SALIDA RECLA;C203134;YIWU LYFHON INTL TRADE CO LTD;1;$9.13;$9.13;ACCESORIOS;SEM-16
ABRIL;4/16/2026;SALIDA RECLA;C203190;YIWU LYFHON INTL TRADE CO LTD;2;$109.23;$218.45;CALZADO;SEM-16
ABRIL;4/16/2026;SALIDA RECLA;C203239;YIWU LYFHON INTL TRADE CO LTD;1;$143.99;$143.99;CALZADO;SEM-16
ABRIL;4/16/2026;SALIDA RECLA;C203257;YIWU LYFHON INTL TRADE CO LTD;1;$116.70;$116.70;CALZADO;SEM-16
ABRIL;4/16/2026;SALIDA RECLA;C203277;YIWU LYFHON INTL TRADE CO LTD;1;$134.08;$134.08;CALZADO;SEM-16
ABRIL;4/16/2026;SALIDA RECLA;C203614;YIWU LYFHON INTL TRADE CO LTD;12;$39.08;$469.02;INTERIOR DETALLE;SEM-16
ABRIL;4/16/2026;SALIDA RECLA;C204429;YIWU LYFHON INTL TRADE CO LTD;12;$44.85;$538.25;INTERIOR DETALLE;SEM-16
ABRIL;4/16/2026;SALIDA RECLA;C204672;YIWU LYFHON INTL TRADE CO LTD;1;$6.37;$6.37;BELLEZA;SEM-16
ABRIL;4/16/2026;SALIDA RECLA;C204695;YIWU LYFHON INTL TRADE CO LTD;3;$18.90;$56.70;BELLEZA;SEM-16
ABRIL;4/16/2026;SALIDA RECLA;C204715;YIWU LYFHON INTL TRADE CO LTD;2;$4.19;$8.39;BELLEZA;SEM-16
ABRIL;4/16/2026;SALIDA RECLA;C204753;YIWU LYFHON INTL TRADE CO LTD;1;$7.73;$7.73;BELLEZA;SEM-16
ABRIL;4/16/2026;SALIDA RECLA;492113;ABDALA ZONA LIBRE S.A / STARGROUP;1;$44.40;$44.40;CALZADO PLASTICO;SEM-16
ABRIL;4/16/2026;SALIDA RECLA;497877;ABDALA ZONA LIBRE S.A / STARGROUP;1;$45.65;$45.65;CALZADO PLASTICO;SEM-16
ABRIL;4/16/2026;SALIDA RECLA;C035800;ABDALA ZONA LIBRE S.A / STARGROUP;7;$48.33;$338.30;CALZADO PLASTICO;SEM-16
ABRIL;4/16/2026;SALIDA RECLA;C035802;ABDALA ZONA LIBRE S.A / STARGROUP;2;$44.37;$88.74;CALZADO PLASTICO;SEM-16
ABRIL;4/16/2026;SALIDA RECLA;C066971;ABDALA ZONA LIBRE S.A / STARGROUP;2;$46.99;$93.98;CALZADO PLASTICO;SEM-16
ABRIL;4/16/2026;SALIDA RECLA;C149089;ABDALA ZONA LIBRE S.A / STARGROUP;2;$110.67;$221.34;CALZADO PLASTICO;SEM-16
ABRIL;4/16/2026;SALIDA RECLA;C124170;APOLO ZONA LIBRE, S.A.;1;$207.80;$207.80;ROPA;SEM-16
ABRIL;4/16/2026;SALIDA RECLA;C139304;APOLO ZONA LIBRE, S.A.;1;$41.18;$41.18;ROPA;SEM-16
ABRIL;4/16/2026;SALIDA RECLA;C188747;APOLO ZONA LIBRE, S.A.;1;$241.70;$241.70;ROPA;SEM-16
ABRIL;4/16/2026;SALIDA RECLA;C199837;APOLO ZONA LIBRE, S.A.;1;$94.13;$94.13;ROPA;SEM-16
ABRIL;4/16/2026;SALIDA RECLA;C200562;APOLO ZONA LIBRE, S.A.;1;$109.10;$109.10;ROPA;SEM-16
ABRIL;4/16/2026;SALIDA RECLA;C200569;APOLO ZONA LIBRE, S.A.;1;$93.51;$93.51;ROPA;SEM-16
ABRIL;4/16/2026;SALIDA RECLA;C200572;APOLO ZONA LIBRE, S.A.;1;$109.10;$109.10;ROPA;SEM-16
ABRIL;4/16/2026;SALIDA RECLA;C200577;APOLO ZONA LIBRE, S.A.;2;$93.51;$187.02;ROPA;SEM-16
ABRIL;4/16/2026;SALIDA RECLA;C200593;APOLO ZONA LIBRE, S.A.;2;$119.49;$238.97;ROPA;SEM-16
ABRIL;4/16/2026;SALIDA RECLA;C200773;APOLO ZONA LIBRE, S.A.;3;$98.71;$296.12;ROPA;SEM-16
ABRIL;4/16/2026;SALIDA RECLA;C200784;APOLO ZONA LIBRE, S.A.;1;$171.44;$171.44;ROPA;SEM-16
ABRIL;4/16/2026;SALIDA RECLA;C202867;APOLO ZONA LIBRE, S.A.;12;$189.30;$2,271.66;ESCOLAR;SEM-16
ABRIL;4/16/2026;SALIDA RECLA;C202868;APOLO ZONA LIBRE, S.A.;12;$157.66;$1,891.94;ESCOLAR;SEM-16
ABRIL;4/16/2026;SALIDA RECLA;C202873;APOLO ZONA LIBRE, S.A.;2;$315.39;$630.79;ROPA;SEM-16
ABRIL;4/16/2026;SALIDA RECLA;C202912;APOLO ZONA LIBRE, S.A.;1;$278.62;$278.62;ROPA;SEM-16
ABRIL;4/16/2026;SALIDA RECLA;C203018;APOLO ZONA LIBRE, S.A.;1;$47.82;$47.82;ROPA;SEM-16
ABRIL;4/16/2026;SALIDA RECLA;C203029;APOLO ZONA LIBRE, S.A.;1;$41.18;$41.18;ROPA;SEM-16
ABRIL;4/16/2026;SALIDA RECLA;C203053;APOLO ZONA LIBRE, S.A.;1;$175.34;$175.34;ROPA;SEM-16
ABRIL;4/16/2026;SALIDA RECLA;C203061;APOLO ZONA LIBRE, S.A.;1;$350.75;$350.75;ROPA;SEM-16
ABRIL;4/16/2026;SALIDA RECLA;C199061;BODY GLOVE, S.A.;4;$249.78;$999.11;ROPA;SEM-16
ABRIL;4/16/2026;SALIDA RECLA;C199088;BODY GLOVE, S.A.;3;$57.24;$171.72;ROPA;SEM-16
ABRIL;4/16/2026;SALIDA RECLA;C199116;BODY GLOVE, S.A.;2;$109.28;$218.56;ROPA;SEM-16
ABRIL;4/16/2026;SALIDA RECLA;C199122;BODY GLOVE, S.A.;1;$218.60;$218.60;ROPA;SEM-16
ABRIL;4/16/2026;SALIDA RECLA;C199132;BODY GLOVE, S.A.;1;$202.90;$202.90;ROPA;SEM-16
ABRIL;4/16/2026;SALIDA RECLA;C205768;BODY GLOVE, S.A.;2;$203.46;$406.93;ROPA;SEM-16
ABRIL;4/16/2026;SALIDA RECLA;C199674;INTRATEX S.A.;1;$197.54;$197.54;ROPA;SEM-16
ABRIL;4/16/2026;SALIDA RECLA;C199681;INTRATEX S.A.;1;$197.54;$197.54;ROPA;SEM-16
ABRIL;4/16/2026;SALIDA RECLA;C201362;INTRATEX S.A.;1;$144.45;$144.45;ROPA;SEM-16
ABRIL;4/16/2026;SALIDA RECLA;C201363;INTRATEX S.A.;1;$144.45;$144.45;ROPA;SEM-16
ABRIL;4/16/2026;SALIDA RECLA;C201366;INTRATEX S.A.;1;$192.60;$192.60;ROPA;SEM-16
ABRIL;4/16/2026;SALIDA RECLA;C201370;INTRATEX S.A.;1;$139.12;$139.12;ROPA;SEM-16
ABRIL;4/16/2026;SALIDA RECLA;C201408;INTRATEX S.A.;1;$101.68;$101.68;ROPA;SEM-16
ABRIL;4/16/2026;SALIDA RECLA;C201454;INTRATEX S.A.;1;$128.41;$128.41;ROPA;SEM-16
ABRIL;4/16/2026;SALIDA RECLA;C203828;INTRATEX S.A.;1;$139.83;$139.83;ROPA;SEM-16
ABRIL;4/16/2026;SALIDA RECLA;C206731;INTRATEX S.A.;2;$163.93;$327.86;ROPA;SEM-16
ABRIL;4/16/2026;SALIDA RECLA;C206765;INTRATEX S.A.;1;$114.46;$114.46;ROPA;SEM-16
ABRIL;4/16/2026;SALIDA RECLA;C186031;PANAMERA GROUP;1;$31.36;$31.36;ROPA;SEM-16
ABRIL;4/16/2026;SALIDA RECLA;C200348;PANAMERA GROUP;5;$94.08;$470.38;ROPA;SEM-16
ABRIL;4/16/2026;SALIDA RECLA;C200379;PANAMERA GROUP;1;$130.77;$130.77;ROPA;SEM-16
ABRIL;4/16/2026;SALIDA RECLA;C200386;PANAMERA GROUP;1;$188.22;$188.22;ROPA;SEM-16
ABRIL;4/16/2026;SALIDA RECLA;C200413;PANAMERA GROUP;1;$229.87;$229.87;ROPA;SEM-16
ABRIL;4/16/2026;SALIDA RECLA;C200446;PANAMERA GROUP;7;$187.96;$1,315.69;ROPA;SEM-16
ABRIL;4/16/2026;SALIDA RECLA;C202677;PANAMERA GROUP;1;$126.85;$126.85;ROPA;SEM-16
ABRIL;4/16/2026;SALIDA RECLA;C206061;PANAMERA GROUP;1;$109.36;$109.36;ROPA;SEM-16
ABRIL;4/16/2026;SALIDA RECLA;C206110;PANAMERA GROUP;1;$143.28;$143.28;ROPA;SEM-16
ABRIL;4/16/2026;SALIDA RECLA;C206320;PANAMERA GROUP;1;$228.88;$228.88;ROPA;SEM-16
ABRIL;4/16/2026;SALIDA RECLA;C206380;PANAMERA GROUP;1;$83.36;$83.36;ROPA;SEM-16
ABRIL;4/16/2026;SALIDA RECLA;C206549;PANAMERA GROUP;1;$270.61;$270.61;ROPA;SEM-16
ABRIL;4/16/2026;SALIDA RECLA;C206565;PANAMERA GROUP;1;$109.20;$109.20;ROPA;SEM-16
ABRIL;4/16/2026;SALIDA RECLA;C206617;PANAMERA GROUP;2;$93.62;$187.25;ROPA;SEM-16
ABRIL;4/16/2026;SALIDA RECLA;C082319;UNION ZONA LIBRE S.A.;24;$12.26;$294.30;INTERIOR DETALLE;SEM-16
ABRIL;4/16/2026;SALIDA RECLA;C108648;UNION ZONA LIBRE S.A.;12;$26.31;$315.73;INTERIOR DETALLE;SEM-16
ABRIL;4/16/2026;SALIDA RECLA;C149475;UNION ZONA LIBRE S.A.;1;$63.78;$63.78;DEPORTIVA;SEM-16
ABRIL;4/16/2026;SALIDA RECLA;C182459;UNION ZONA LIBRE S.A.;12;$12.26;$147.08;INTERIOR DETALLE;SEM-16
ABRIL;4/16/2026;SALIDA RECLA;C182460;UNION ZONA LIBRE S.A.;12;$12.26;$147.08;INTERIOR DETALLE;SEM-16
ABRIL;4/16/2026;SALIDA RECLA;C190788;UNION ZONA LIBRE S.A.;12;$10.97;$131.65;INTERIOR DETALLE;SEM-16
ABRIL;4/16/2026;SALIDA RECLA;C190798;UNION ZONA LIBRE S.A.;24;$12.26;$294.14;INTERIOR DETALLE;SEM-16
