SEMANA RECIBIDO;FECHA RECIBIDO;APLICADO;ORIGEN;MOTIVO;TIPO DE ERROR; UNIDAD ERROR;BULTOS;UNIDADES;COSTO TOTAL
SEM-14;1/4/2026;APLICADO;ENTRADA COPAN-AEC;DAÑADO;;0;1;4;L475.15
SEM-14;1/4/2026;APLICADO;ENTRADA COPAN-AEC;UNIDADES;;0;1;5;L965.00
SEM-14;1/4/2026;APLICADO;PROGRESO #1-AEC;DAÑADO;;0;1;2;L326.79
SEM-14;1/4/2026;APLICADO;PROGRESO #1-AEC;EXCESO;;0;9;739;L15,472.14
SEM-14;1/4/2026;APLICADO;PROGRESO #1-AEC;EXCESO;SOBRANTE ;7;2;957;L10,897.71
SEM-14;1/4/2026;APLICADO;PROGRESO #1-AEC;UNIDADES;;0;2;64;L10,296.17
SEM-14;2/4/2026;APLICADO;MAYOREO MEGACARPA-AEC;UNIDADES;;0;1;15;L2,760.38
SEM-14;2/4/2026;APLICADO;OLANCHITO-AEC;DAÑADO;;0;1;13;L318.60
SEM-14;2/4/2026;APLICADO;TEGUCIGALPA AEC;DAÑADO;;0;1;5;L296.25
SEM-14;2/4/2026;APLICADO;TEGUCIGALPA AEC;UNIDADES;;0;3;171;L12,753.56
SEM-15;6/4/2026;SIN APLICAR;EL PARAISO AEC;DAÑADO;;0;1;11;L1,056.00
SEM-15;6/4/2026;SIN APLICAR;MAYOREO SPS-AEC;POCA ROTACION;;0;1;15;L4,087.36
SEM-15;6/4/2026;SIN APLICAR;MEGATIENDA-AEC;UNIDADES;;0;1;1;L90.41
SEM-15;6/4/2026;APLICADO;COMAYAGUA-AEC;UNIDADES;;0;3;76;L12,599.01
SEM-15;6/4/2026;APLICADO;EL PARAISO AEC;UNIDADES;;0;6;53;L9,152.83
SEM-15;6/4/2026;APLICADO;GRACIAS  #1-AEC;UNIDADES;;0;1;13;L1,565.15
SEM-15;6/4/2026;APLICADO;MARCALA-AEC;UNIDADES;;0;3;53;L8,955.00
SEM-15;6/4/2026;APLICADO;MAYOREO SPS-AEC;POCA ROTACION;;0;6;138;L15,590.65
SEM-15;6/4/2026;APLICADO;MEGATIENDA-AEC;DAÑADO;;0;1;3;L408.13
SEM-15;6/4/2026;APLICADO;MEGATIENDA-AEC;DAÑADO;SOBRANTE ;1;1;30;L1,725.91
SEM-15;6/4/2026;APLICADO;MEGATIENDA-AEC;UNIDADES;;0;1;46;L7,203.86
SEM-15;6/4/2026;APLICADO;OLANCHITO-AEC;DAÑADO;;0;1;88;L3,193.41
SEM-15;6/4/2026;APLICADO;PROGRESO #1-AEC;UNIDADES;;0;1;5;L266.86
SEM-15;6/4/2026;APLICADO;PUERTO CORTES-AEC;DAÑADO;;0;2;97;L2,966.01
SEM-15;6/4/2026;APLICADO;SAN JUAN-AEC;EXCESO;;0;11;726;L125,953.09
SEM-15;6/4/2026;APLICADO;SAN JUAN-AEC;UNIDADES;;0;1;105;L17,084.68
SEM-15;6/4/2026;APLICADO;SAN PEDRO SULA-AEC;UNIDADES;;0;6;143;L22,196.27
SEM-15;6/4/2026;APLICADO;SIGUATEPEQUE-AEC;DAÑADO;;0;1;2;L30.17
SEM-15;6/4/2026;APLICADO;SONAGUERA-AEC;UNIDADES;;0;5;368;L35,409.83
SEM-15;6/4/2026;APLICADO;SPS TERMINAL-AEC;UNIDADES;;0;2;100;L16,327.05
SEM-15;6/4/2026;APLICADO;TALANGA AEC;UNIDADES;;0;1;97;L15,480.66
SEM-15;7/4/2026;APLICADO;COMAYAGUELA-AEC;UNIDADES;;0;11;529;L82,897.51
SEM-15;7/4/2026;APLICADO;COMAYAGUELA-AEC;UNIDADES;SOBRANTE ;4;4;375;L58,218.14
SEM-15;7/4/2026;APLICADO;DE TODO PARA TODOS;UNIDADES;;0;1;12;L1,843.40
SEM-15;7/4/2026;APLICADO;DE TODO PARA TODOS;UNIDADES;SOBRANTE ;1;1;38;L6,272.65
SEM-15;7/4/2026;APLICADO;INTIBUCA-AEC;UNIDADES;;0;2;66;L11,298.65
SEM-15;7/4/2026;APLICADO;LA PAZ-AEC;UNIDADES;;0;1;46;L7,349.10
SEM-15;7/4/2026;APLICADO;MAYOREO COMAYAGUELA  AEC;POCA ROTACION;;0;1;174;L22,752.34
SEM-15;7/4/2026;APLICADO;MAYOREO COMAYAGUELA  AEC;UNIDADES;;0;4;152;L19,054.31
SEM-15;7/4/2026;APLICADO;MAYOREO PLAZA DEL SOL 2-AEC;UNIDADES;;0;2;102;L16,889.58
SEM-15;7/4/2026;APLICADO;SAN JUAN-AEC;UNIDADES;;0;2;108;L19,427.23
SEM-15;7/4/2026;APLICADO;TELA-AEC;UNIDADES;;0;9;696;L52,103.36
SEM-15;7/4/2026;APLICADO;TELA-AEC;UNIDADES;SOBRANTE ;1;1;50;L3,917.23
SEM-15;8/4/2026;SIN APLICAR;SAN MARCOS AEC;EXCESO;;0;1;94;L19,621.76
SEM-15;8/4/2026;APLICADO;AEC-CUCUYAGUA;UNIDADES;;0;1;12;L1,950.77
SEM-15;8/4/2026;APLICADO;CHOLUTECA-AEC;DAÑADO;;0;1;12;L1,152.00
SEM-15;8/4/2026;APLICADO;CHOLUTECA-AEC;UNIDADES;;0;2;90;L14,474.98
SEM-15;8/4/2026;APLICADO;DE TODO PARA TODOS;EXCESO;;0;3;353;L5,538.22
SEM-15;8/4/2026;APLICADO;ENTRADA COPAN-AEC;UNIDADES;;0;3;107;L16,875.24
SEM-15;8/4/2026;APLICADO;GRACIAS  #1-AEC;DAÑADO;;0;5;60;L6,149.09
SEM-15;8/4/2026;APLICADO;GRACIAS  #1-AEC;UNIDADES;;0;3;101;L14,951.65
SEM-15;8/4/2026;APLICADO;GRACIAS #2-AEC;EXCESO;;0;1;36;L5,240.13
SEM-15;8/4/2026;APLICADO;GRACIAS #2-AEC;UNIDADES;;0;4;321;L46,920.96
SEM-15;8/4/2026;APLICADO;GRACIAS #2-AEC;UNIDADES;SOBRANTE ;1;1;113;L17,974.06
SEM-15;8/4/2026;APLICADO;JESUS DE OTORO-AEC;DAÑADO;;0;1;14;L595.50
SEM-15;8/4/2026;APLICADO;JESUS DE OTORO-AEC;EXCESO;;0;2;138;L21,179.32
SEM-15;8/4/2026;APLICADO;JESUS DE OTORO-AEC;EXCESO;SOBRANTE ;1;1;45;L6,153.34
SEM-15;8/4/2026;APLICADO;JESUS DE OTORO-AEC;UNIDADES;;0;1;56;L7,234.87
SEM-15;8/4/2026;APLICADO;LAS VEGAS-AEC;DAÑADO;;0;2;7;L2,330.26
SEM-15;8/4/2026;APLICADO;LAS VEGAS-AEC;DAÑADO;SOBRANTE ;1;1;31;L4,829.87
SEM-15;8/4/2026;APLICADO;LAS VEGAS-AEC;UNIDADES;;0;2;151;L23,429.35
SEM-15;8/4/2026;APLICADO;LAS VEGAS-AEC;UNIDADES;FALTANTE ;1;1;26;L3,249.31
SEM-15;8/4/2026;APLICADO;MAYOREO SPS-AEC;POCA ROTACION;;0;2;33;L9,417.28
SEM-15;8/4/2026;APLICADO;PEÑA BLANCA AEC;DAÑADO;;0;1;16;L242.54
SEM-15;8/4/2026;APLICADO;PEÑA BLANCA AEC;UNIDADES;;0;1;30;L5,167.76
SEM-15;8/4/2026;APLICADO;PEÑA BLANCA AEC;UNIDADES;SOBRANTE ;1;1;27;L4,332.63
SEM-15;8/4/2026;APLICADO;SABA-AEC;POCA ROTACION;;0;1;37;L992.32
SEM-15;8/4/2026;APLICADO;SABA-AEC;UNIDADES;;0;1;74;L12,810.52
SEM-15;8/4/2026;APLICADO;SAN MARCOS AEC;EXCESO;;0;11;366;L54,520.78
SEM-15;8/4/2026;APLICADO;SAN MARCOS AEC;EXCESO;SOBRANTE ;2;2;122;L17,469.93
SEM-15;8/4/2026;APLICADO;SPS TERMINAL-AEC;DAÑADO;;0;1;9;L316.21
SEM-15;8/4/2026;APLICADO;SPS TERMINAL-AEC;UNIDADES;;0;2;474;L7,735.45
SEM-15;8/4/2026;APLICADO;TEGUCIGALPA AEC;UNIDADES;;0;4;515;L5,761.58
SEM-15;8/4/2026;APLICADO;TEGUCIGALPA AEC;UNIDADES;SOBRANTE ;4;3;477;L5,080.21
SEM-15;9/4/2026;APLICADO;CATACAMAS-AEC;EXCESO;;0;2;183;L35,456.31
SEM-15;9/4/2026;APLICADO;CATACAMAS-AEC;EXCESO;SOBRANTE ;1;1;80;L16,979.45
SEM-15;9/4/2026;APLICADO;CATACAMAS-AEC;UNIDADES;;0;5;247;L38,646.96
SEM-15;9/4/2026;APLICADO;CATACAMAS-AEC;UNIDADES;SOBRANTE ;1;1;87;L11,722.26
SEM-15;9/4/2026;APLICADO;DANLI #1-AEC;DAÑADO;;0;2;6;L186.70
SEM-15;9/4/2026;APLICADO;DANLI #1-AEC;UNIDADES;;0;4;109;L16,363.83
SEM-15;9/4/2026;APLICADO;DANLI #2-AEC;UNIDADES;;0;11;668;L18,574.92
SEM-15;9/4/2026;APLICADO;DANLI #2-AEC;UNIDADES;SOBRANTE ;3;1;76;L784.14
SEM-15;9/4/2026;APLICADO;GUAIMACA-AEC;DAÑADO;;0;1;29;L797.10
SEM-15;9/4/2026;APLICADO;GUAIMACA-AEC;EXCESO;;0;6;348;L62,639.10
SEM-15;9/4/2026;APLICADO;GUAIMACA-AEC;UNIDADES;;0;7;381;L65,872.35
SEM-15;9/4/2026;APLICADO;MARCALA-AEC;UNIDADES;;0;2;75;L7,485.67
SEM-15;9/4/2026;APLICADO;SAN ESTEBAN -AEC;UNIDADES;;0;5;163;L26,090.33
SEM-15;10/4/2026;SIN APLICAR;SAN JUAN, INTIBUCA;UNIDADES;;0;1;11;L1,819.02
SEM-15;10/4/2026;APLICADO;MEGABODEGA-AEC;UNIDADES;;0;1;54;L2,726.05
SEM-15;10/4/2026;APLICADO;MORAZAN #1-AEC;UNIDADES;;0;1;40;L6,352.28
SEM-15;10/4/2026;APLICADO;MORAZAN #2-AEC;EXCESO;;0;4;659;L14,071.98
SEM-15;10/4/2026;APLICADO;MORAZAN #2-AEC;EXCESO;SOBRANTE ;2;1;160;L1,797.83
SEM-15;10/4/2026;APLICADO;MORAZAN #2-AEC;UNIDADES;;0;13;1159;L174,941.39
SEM-15;10/4/2026;APLICADO;MORAZAN #2-AEC;UNIDADES;FALTANTE ;1;1;127;L18,439.44
SEM-15;10/4/2026;APLICADO;MORAZAN #2-AEC;UNIDADES;SOBRANTE ;5;3;273;L52,753.63
SEM-15;10/4/2026;APLICADO;OLANCHITO-AEC;DAÑADO;;0;1;65;L1,018.95
SEM-15;10/4/2026;APLICADO;OLANCHITO-AEC;UNIDADES;;0;2;110;L18,422.22
SEM-15;10/4/2026;APLICADO;PUERTO CORTES-AEC;UNIDADES;;0;1;50;L3,641.65
SEM-15;10/4/2026;APLICADO;SIGUATEPEQUE-AEC;UNIDADES;;0;1;37;L6,118.99
SEM-15;11/4/2026;SIN APLICAR;CAMPAMENTO-AEC;UNIDADES;;0;1;33;L5,573.35
SEM-15;11/4/2026;APLICADO;CAMPAMENTO-AEC;UNIDADES;;0;1;1;L2,068.74
SEM-15;11/4/2026;APLICADO;CATACAMAS-AEC;UNIDADES;;0;1;44;L7,878.59
SEM-15;11/4/2026;APLICADO;GRACIAS #2-AEC;DAÑADO;;0;2;24;L2,546.47
SEM-15;11/4/2026;APLICADO;GRACIAS #2-AEC;UNIDADES;;0;3;178;L28,213.73
SEM-15;11/4/2026;APLICADO;MAYOREO PROGRESO #2 -AEC;UNIDADES;;0;5;374;L23,576.43
SEM-15;11/4/2026;APLICADO;MAYOREO PROGRESO #2 -AEC;UNIDADES;SOBRANTE ;12;2;222;L14,163.41
SEM-15;11/4/2026;APLICADO;SAN LORENZO-AEC;DAÑADO;;0;4;10;L1,073.59
SEM-15;11/4/2026;APLICADO;SAN LORENZO-AEC;UNIDADES;;0;3;91;L12,827.15
SEM-15;11/4/2026;APLICADO;SAN LORENZO-AEC;UNIDADES;SOBRANTE ;1;1;47;L8,067.03
SEM-15;11/4/2026;APLICADO;SAN MARCOS AEC;EXCESO;;0;2;30;L3,545.35
SEM-15;11/4/2026;APLICADO;SAN MARCOS AEC;EXCESO;SOBRANTE ;6;2;136;L19,886.33
SEM-16;13/4/2026;APLICADO;COMAYAGUELA-AEC;UNIDADES;;0;6;117;L18,294.78
SEM-16;13/4/2026;APLICADO;DANLI #2-AEC;DAÑADO;;0;1;4;L1,256.78
SEM-16;13/4/2026;APLICADO;DANLI #2-AEC;UNIDADES;;0;2;51;L909.81
SEM-16;13/4/2026;APLICADO;DE TODO PARA TODOS;EXCESO;;0;3;198;L3,772.76
SEM-16;13/4/2026;APLICADO;INTIBUCA-AEC;DAÑADO;;0;1;10;L1,233.67
SEM-16;13/4/2026;APLICADO;JESUS DE OTORO-AEC;UNIDADES;;0;1;49;L8,793.55
SEM-16;13/4/2026;APLICADO;LA CEIBA EDIFICIO-AEC;DAÑADO;;0;2;5;L1,402.92
SEM-16;13/4/2026;APLICADO;LA CEIBA EDIFICIO-AEC;UNIDADES;;0;1;67;L10,559.36
SEM-16;13/4/2026;APLICADO;MAYOREO CEIBA EDIFICIO-AEC;UNIDADES;;0;8;90;L11,696.22
SEM-16;13/4/2026;APLICADO;MAYOREO SPS-AEC;UNIDADES;;0;2;77;L10,931.69
SEM-16;13/4/2026;APLICADO;OLANCHITO-AEC;UNIDADES;;0;1;5;L167.02
SEM-16;13/4/2026;APLICADO;SAN PEDRO SULA-AEC;DAÑADO;;0;1;14;L1,344.00
SEM-16;13/4/2026;APLICADO;SAN PEDRO SULA-AEC;UNIDADES;;0;1;5;L1,031.18
SEM-16;14/4/2026;SIN APLICAR;GUAIMACA-AEC;EXCESO;;0;2;208;L30,586.32
SEM-16;14/4/2026;APLICADO;CATACAMAS-AEC;UNIDADES;;0;1;54;L9,214.90
SEM-16;14/4/2026;APLICADO;DE TODO PARA TODOS;EXCESO;;0;1;195;L2,785.60
SEM-16;14/4/2026;APLICADO;GUAIMACA-AEC;EXCESO;;0;4;267;L41,341.76
SEM-16;14/4/2026;APLICADO;GUAIMACA-AEC;UNIDADES;SOBRANTE ;2;2;98;L16,022.45
SEM-16;14/4/2026;APLICADO;SAN ESTEBAN -AEC;UNIDADES;;0;1;6;L44.19
SEM-16;14/4/2026;APLICADO;SAN JUAN, INTIBUCA;DAÑADO;;0;1;1;L151.31
SEM-16;15/4/2026;APLICADO;GRACIAS #2-AEC;EXCESO;SOBRANTE ;1;1;160;L2,323.39
SEM-16;15/4/2026;APLICADO;GRACIAS #2-AEC;UNIDADES;;0;4;546;L18,817.28
SEM-16;15/4/2026;APLICADO;MAYOREO COMAYAGUELA  AEC;EXCESO;;0;5;222;L15,981.10
SEM-16;15/4/2026;APLICADO;MAYOREO PLAZA DEL SOL 2-AEC;UNIDADES;;0;11;131;L20,589.27
SEM-16;15/4/2026;APLICADO;SAN JUAN-AEC;EXCESO;;0;1;58;L7,920.93
SEM-16;15/4/2026;APLICADO;TALANGA AEC;DAÑADO;;0;4;34;L1,920.21
SEM-16;15/4/2026;APLICADO;YORO-AEC;COBRO POR INV ;;0;9;559;L32,728.45
SEM-16;15/4/2026;APLICADO;YORO-AEC;DAÑADO;;0;4;133;L6,099.32
SEM-16;16/4/2026;APLICADO;COMAYAGUA-AEC;DAÑADO;;0;2;20;L2,023.85
SEM-16;16/4/2026;APLICADO;GRACIAS  #1-AEC;UNIDADES;;0;1;57;L7,900.56
SEM-16;16/4/2026;APLICADO;MAYOREO PROGRESO #2 -AEC;POCA ROTACION;;0;2;1007;L10,190.58
SEM-16;16/4/2026;APLICADO;MAYOREO PROGRESO #2 -AEC;POCA ROTACION;SOBRANTE ;1;1;138;L8,019.43
SEM-16;16/4/2026;APLICADO;MAYOREO PROGRESO #2 -AEC;UNIDADES;;0;1;119;L3,281.51
SEM-16;16/4/2026;APLICADO;SIGUATEPEQUE-AEC;DAÑADO;;0;1;2;L268.03
SEM-16;16/4/2026;APLICADO;SIGUATEPEQUE-AEC;UNIDADES;;0;1;55;L7,678.49
SEM-16;17/4/2026;APLICADO;AEC TOCOA MAYOREO;UNIDADES;;0;2;30;L9,513.85
SEM-16;17/4/2026;APLICADO;AEC-TOCOA#1;UNIDADES;SOBRANTE ;1;1;38;L5,926.85
SEM-16;17/4/2026;APLICADO;CATACAMAS-AEC;UNIDADES;;0;4;143;L17,870.59
SEM-16;17/4/2026;APLICADO;MAYOREO OLANCHITO-AEC;UNIDADES;;0;4;88;L9,753.51
SEM-16;17/4/2026;APLICADO;MAYOREO SPS-AEC;EXCESO;;0;2;99;L13,704.32
SEM-16;17/4/2026;APLICADO;MEGABODEGA-AEC;UNIDADES;;0;1;34;L1,764.57
SEM-16;17/4/2026;APLICADO;OLANCHITO-AEC;DAÑADO;;0;1;8;L420.29
SEM-16;17/4/2026;APLICADO;SABA-AEC;DAÑADO;;0;1;9;L807.08
SEM-16;17/4/2026;APLICADO;SANTA BARBARA-AEC;UNIDADES;;0;2;89;L15,056.22
SEM-16;18/4/2026;APLICADO;AEC-CUCUYAGUA;UNIDADES;;0;1;1;L163.89
SEM-16;18/4/2026;APLICADO;AEC-CUCUYAGUA;UNIDADES;FALTANTE ;1;1;18;L1,057.89
SEM-16;18/4/2026;APLICADO;CHOLUTECA-AEC;DAÑADO;;0;2;14;L690.53
SEM-16;18/4/2026;APLICADO;CHOLUTECA-AEC;UNIDADES;;0;1;2;L553.14
SEM-16;18/4/2026;APLICADO;COMAYAGUELA-AEC;UNIDADES;;0;2;6;L939.70
SEM-16;18/4/2026;APLICADO;INTIBUCA-AEC;DAÑADO;;0;1;12;L844.93
SEM-16;18/4/2026;APLICADO;JESUS DE OTORO-AEC;DAÑADO;;0;1;1;L2,068.74
SEM-16;18/4/2026;APLICADO;MARCALA-AEC;UNIDADES;;0;2;97;L22,910.97
SEM-16;18/4/2026;APLICADO;MAYOREO PROGRESO #2 -AEC;UNIDADES;;0;1;12;L464.26
SEM-16;18/4/2026;APLICADO;SANTA CRUZ AEC;COBRO POR INV ;;0;9;619;L33,644.88
SEM-16;18/4/2026;APLICADO;SANTA CRUZ AEC;UNIDADES;;0;9;288;L55,494.89
SEM-16;18/4/2026;APLICADO;SANTA CRUZ AEC;UNIDADES;SOBRANTE ;1;1;102;L18,858.16
SEM-16;18/4/2026;APLICADO;SANTA ROSA-AEC;UNIDADES;;0;6;327;L47,714.34
SEM-16;18/4/2026;APLICADO;SANTA ROSA-AEC;UNIDADES;SOBRANTE ;1;1;57;L3,027.23
SEM-16;18/4/2026;APLICADO;TEGUCIGALPA AEC;UNIDADES;;0;2;6;L655.51
SEM-17;19/4/2026;APLICADO;AEC-CUCUYAGUA;UNIDADES;;0;5;96;L10,751.84
SEM-17;19/4/2026;APLICADO;DANLI #1-AEC;UNIDADES;;0;4;270;L18,003.29
SEM-17;19/4/2026;APLICADO;GRACIAS #2-AEC;DAÑADO;;0;1;18;L1,121.16
SEM-17;19/4/2026;APLICADO;GRACIAS #2-AEC;UNIDADES;;0;2;47;L5,593.61
SEM-17;19/4/2026;APLICADO;JESUS DE OTORO-AEC;EXCESO;;0;9;513;L98,641.35
SEM-17;19/4/2026;APLICADO;JESUS DE OTORO-AEC;EXCESO;SOBRANTE ;1;1;55;L10,532.05
SEM-17;19/4/2026;APLICADO;LAS VEGAS-AEC;DAÑADO;;0;5;350;L15,160.26
SEM-17;19/4/2026;APLICADO;LAS VEGAS-AEC;UNIDADES;;0;1;85;L13,580.32
SEM-17;19/4/2026;APLICADO;MORAZAN #2-AEC;EXCESO;;0;1;263;L3,540.57
SEM-17;19/4/2026;APLICADO;PUERTO CORTES-AEC;DAÑADO;;0;1;7;L1,122.47
SEM-17;19/4/2026;APLICADO;SAN JUAN-AEC;EXCESO;;0;1;15;L2,683.25
SEM-17;19/4/2026;APLICADO;SONAGUERA-AEC;DAÑADO;SOBRANTE ;1;1;132;L2,801.40
SEM-17;19/4/2026;APLICADO;SONAGUERA-AEC;EXCESO;;0;1;102;L10,310.70
SEM-17;19/4/2026;APLICADO;SPS TERMINAL-AEC;UNIDADES;;0;8;367;L75,769.70
SEM-17;19/4/2026;APLICADO;SPS TERMINAL-AEC;UNIDADES;SOBRANTE ;1;1;50;L11,579.72
SEM-17;20/4/2026;APLICADO;GUAIMACA-AEC;UNIDADES;;0;3;180;L26,920.52
SEM-17;20/4/2026;APLICADO;TALANGA AEC;UNIDADES;;0;5;281;L58,439.40
SEM-17;20/4/2026;APLICADO;TALANGA AEC;UNIDADES;SOBRANTE ;1;1;100;L18,493.70
SEM-17;21/4/2026;SIN APLICAR;AEC TOCOA MAYOREO;DAÑADO;;0;1;1;L62.15
SEM-17;21/4/2026;APLICADO;AEC TOCOA MAYOREO;DAÑADO;;0;1;11;L186.22
SEM-17;21/4/2026;APLICADO;CATACAMAS-AEC;DAÑADO;;0;1;10;L960.00
SEM-17;21/4/2026;APLICADO;CATACAMAS-AEC;UNIDADES;;0;1;36;L5,921.02
SEM-17;21/4/2026;APLICADO;CHOLUTECA-AEC;UNIDADES;;0;12;597;L123,660.02
SEM-17;21/4/2026;APLICADO;COMAYAGUA-AEC;EXCESO;;0;3;427;L28,468.28
SEM-17;21/4/2026;APLICADO;DANLI #1-AEC;UNIDADES;;0;1;9;L1,333.07
SEM-17;21/4/2026;APLICADO;ENTRADA COPAN-AEC;DAÑADO;;0;2;17;L1,510.21
SEM-17;21/4/2026;APLICADO;ENTRADA COPAN-AEC;UNIDADES;;0;2;130;L8,819.23
SEM-17;21/4/2026;APLICADO;ENTRADA COPAN-AEC;UNIDADES;FALTANTE ;1;1;155;L10,033.95
SEM-17;21/4/2026;APLICADO;INTIBUCA-AEC;UNIDADES;;0;6;422;L83,335.67
SEM-17;21/4/2026;APLICADO;INTIBUCA-AEC;UNIDADES;FALTANTE ;1;1;79;L14,986.10
SEM-17;21/4/2026;APLICADO;JESUS DE OTORO-AEC;DAÑADO;;0;1;14;L830.06
SEM-17;21/4/2026;APLICADO;LAS VEGAS-AEC;UNIDADES;;0;2;119;L19,935.57
SEM-17;21/4/2026;APLICADO;MARCALA-AEC;UNIDADES;;0;1;124;L20,200.13
SEM-17;21/4/2026;APLICADO;OLANCHITO-AEC;DAÑADO;;0;1;4;L185.06
SEM-17;21/4/2026;APLICADO;OLANCHITO-AEC;UNIDADES;;0;3;311;L65,280.18
SEM-17;21/4/2026;APLICADO;PROGRESO #1-AEC;DAÑADO;;0;1;16;L1,742.03
SEM-17;21/4/2026;APLICADO;PROGRESO #1-AEC;EXCESO;;0;1;201;L5,236.63
SEM-17;21/4/2026;APLICADO;PROGRESO #1-AEC;UNIDADES;;0;4;252;L52,836.88
SEM-17;21/4/2026;APLICADO;SABA-AEC;UNIDADES;;0;6;470;L100,449.89
SEM-17;21/4/2026;APLICADO;SABA-AEC;UNIDADES;SOBRANTE ;2;2;143;L30,125.25
SEM-17;21/4/2026;APLICADO;SAN LORENZO-AEC;DAÑADO;;0;1;2;L106.77
SEM-17;21/4/2026;APLICADO;SAN LORENZO-AEC;UNIDADES;;0;12;576;L117,979.83
SEM-17;21/4/2026;APLICADO;SAN LORENZO-AEC;UNIDADES;SOBRANTE ;3;1;57;L10,345.04
SEM-17;21/4/2026;APLICADO;SANTA CRUZ AEC;DAÑADO;;0;1;5;L340.78
SEM-17;21/4/2026;APLICADO;SANTA CRUZ AEC;UNIDADES;;0;2;53;L9,077.40
SEM-17;21/4/2026;APLICADO;YORO-AEC;DAÑADO;;0;1;88;L14,097.05
SEM-17;22/4/2026;SIN APLICAR;SONAGUERA-AEC;UNIDADES;;0;1;23;L2,841.62
SEM-17;22/4/2026;APLICADO;LA CEIBA EDIFICIO-AEC;UNIDADES;;0;9;541;L119,819.06
SEM-17;22/4/2026;APLICADO;SAN JUAN, INTIBUCA;DAÑADO;;0;1;1;L63.77
SEM-17;22/4/2026;APLICADO;SONAGUERA-AEC;UNIDADES;;0;4;107;L9,377.40
SEM-17;22/4/2026;APLICADO;TALANGA AEC;UNIDADES;;0;1;62;L15,586.28
SEM-17;23/4/2026;APLICADO;CAMPAMENTO-AEC;UNIDADES;;0;2;107;L24,330.21
SEM-17;23/4/2026;APLICADO;PUERTO CORTES-AEC;UNIDADES;;0;6;316;L70,363.53
SEM-17;23/4/2026;APLICADO;PUERTO CORTES-AEC;UNIDADES;SOBRANTE ;6;3;137;L24,449.97
SEM-17;23/4/2026;APLICADO;SANTA CRUZ AEC;UNIDADES;;0;7;287;L44,142.26
SEM-17;23/4/2026;APLICADO;SANTA CRUZ AEC;UNIDADES;SOBRANTE ;1;1;77;L13,287.60
SEM-17;23/4/2026;APLICADO;SPS TERMINAL-AEC;DAÑADO;;0;1;5;L892.13
SEM-17;23/4/2026;APLICADO;YORO-AEC;UNIDADES;;0;1;5;L747.76
SEM-17;24/4/2026;SIN APLICAR;INTIBUCA-AEC;DAÑADO;;0;1;4;L529.77
SEM-17;24/4/2026;SIN APLICAR;MARCALA-AEC;UNIDADES;;0;1;46;L8,754.22
SEM-17;24/4/2026;SIN APLICAR;OLANCHITO-AEC;UNIDADES;;0;1;101;L23,754.12
SEM-17;24/4/2026;APLICADO;AEC-CUCUYAGUA;DAÑADO;;0;1;1;L277.75
SEM-17;24/4/2026;APLICADO;AEC-CUCUYAGUA;UNIDADES;;0;1;40;L4,990.11
SEM-17;24/4/2026;APLICADO;COMAYAGUELA-AEC;UNIDADES;;0;1;3;L473.68
SEM-17;24/4/2026;APLICADO;INTIBUCA-AEC;UNIDADES;;0;3;178;L42,993.35
SEM-17;24/4/2026;APLICADO;JESUS DE OTORO-AEC;UNIDADES;;0;3;186;L22,807.13
SEM-17;24/4/2026;APLICADO;JESUS DE OTORO-AEC;UNIDADES;SOBRANTE ;1;1;58;L9,027.66
SEM-17;24/4/2026;APLICADO;MARCALA-AEC;UNIDADES;;0;2;92;L19,651.33
SEM-17;24/4/2026;APLICADO;MARCALA-AEC;UNIDADES;SOBRANTE ;6;2;92;L16,610.10
SEM-17;46136;APLICADO;MAYOREO COMAYAGUELA  AEC;UNIDADES;;0;1;73;11246.74
SEM-17;46136;APLICADO;MAYOREO MEGACARPA-AEC;DAÑADO;;0;1;116;1870.93
SEM-17;46136;APLICADO;MEGATIENDA-AEC;UNIDADES;;0;1;6;631.48
SEM-17;46136;APLICADO;OLANCHITO-AEC;UNIDADES;;0;2;221;46375.91
SEM-17;46136;APLICADO;SABA-AEC;UNIDADES;;0;3;65;9036.68
SEM-17;46136;APLICADO;SAN ESTEBAN -AEC;UNIDADES;;0;1;32;2861.72
SEM-17;46136;APLICADO;SAN ESTEBAN -AEC;UNIDADES;SOBRANTE ;1;1;77;6582.06
SEM-17;46136;APLICADO;SAN JUAN-AEC;EXCESO;;0;8;970;27579.97
SEM-17;46136;APLICADO;SAN MARCOS AEC;UNIDADES;;0;1;21;3088.59
SEM-17;46137;SIN APLICAR;TEGUCIGALPA AEC;UNIDADES;;0;1;84;5548.59
SEM-17;46137;APLICADO;DANLI #1-AEC;DAÑADO;;0;1;2;464.32
SEM-17;46137;APLICADO;DANLI #2-AEC;UNIDADES;;0;4;109;11783.38
SEM-17;46137;APLICADO;EL PARAISO AEC;EXCESO;;0;1;111;7425.92
SEM-17;46137;APLICADO;ENTRADA COPAN-AEC;DAÑADO;;0;2;15;1105.38
SEM-17;46137;APLICADO;MORAZAN #2-AEC;DAÑADO;;0;12;561;22284.52
SEM-17;46137;APLICADO;MORAZAN #2-AEC;EXCESO;;0;1;50;9546.45
SEM-17;46137;APLICADO;MORAZAN #2-AEC;EXCESO;FALTANTE ;1;1;107;2271.06
SEM-17;46137;APLICADO;MORAZAN #2-AEC;EXCESO;SOBRANTE ;1;1;530;2898.8
SEM-17;46137;APLICADO;SANTA BARBARA-AEC;DAÑADO;;0;1;11;634.06
SEM-17;46137;APLICADO;TEGUCIGALPA AEC;UNIDADES;;0;4;104;10627.44
SEM-18;46138;SIN APLICAR;LA PAZ-AEC;UNIDADES;;0;1;2;217.39
SEM-18;46138;SIN APLICAR;LAS VEGAS-AEC;DAÑADO;;0;1;2;787.71
SEM-18;46138;APLICADO;CHOLUTECA-AEC;DAÑADO;;0;4;83;8875.4
SEM-18;46138;APLICADO;CHOLUTECA-AEC;UNIDADES;;0;3;253;34609.62
SEM-18;46138;APLICADO;LA PAZ-AEC;UNIDADES;;0;1;57;7576.94
SEM-18;46138;APLICADO;LAS VEGAS-AEC;EXCESO;;0;1;80;15502.64
SEM-18;46138;APLICADO;PROGRESO #1-AEC;UNIDADES;;0;2;80;21647.81
SEM-18;46138;APLICADO;SAN LORENZO-AEC;UNIDADES;;0;4;101;14181.75
SEM-18;46138;APLICADO;SAN MARCOS AEC;EXCESO;SOBRANTE ;1;1;41;6159.16
SEM-18;46138;APLICADO;SAN MARCOS AEC;UNIDADES;;0;1;5;333.17
SEM-18;46138;APLICADO;SAN PEDRO SULA-AEC;DAÑADO;;0;1;1;355.36
SEM-18;46138;APLICADO;SAN PEDRO SULA-AEC;EXCESO;;0;1;952;9202.59
SEM-18;46138;APLICADO;TALANGA AEC;DAÑADO;;0;1;12;449.42
SEM-18;46138;APLICADO;TALANGA AEC;UNIDADES;;0;3;100;14752.5
SEM-18;46138;APLICADO;TALANGA AEC;UNIDADES;SOBRANTE ;1;1;23;5233.32
SEM-18;46139;SIN APLICAR;CATACAMAS-AEC;UNIDADES;;0;1;4;531.14
SEM-18;46139;SIN APLICAR;ENTRADA COPAN-AEC;DAÑADO;;0;2;12;84.35
SEM-18;46139;SIN APLICAR;ENTRADA COPAN-AEC;UNIDADES;;0;1;43;7130.7
SEM-18;46139;SIN APLICAR;GRACIAS  #1-AEC;DAÑADO;;0;2;8;1958.9
SEM-18;46139;SIN APLICAR;GRACIAS #2-AEC;DAÑADO;;0;2;11;1154.34
SEM-18;46139;SIN APLICAR;GRACIAS #2-AEC;UNIDADES;;0;1;1;552.7
SEM-18;46139;SIN APLICAR;GUAIMACA-AEC;UNIDADES;;0;2;22;2685.05
SEM-18;46139;SIN APLICAR;MORAZAN #1-AEC;DAÑADO;;0;6;364;12128.61
SEM-18;46139;SIN APLICAR;SANTA CRUZ AEC;DAÑADO;;0;1;6;578.31
SEM-18;46139;APLICADO;AEC-TOCOA#1;UNIDADES;;0;4;86;10594.25
SEM-18;46139;APLICADO;CAMPAMENTO-AEC;UNIDADES;;0;4;142;17101.71
SEM-18;46139;APLICADO;CAMPAMENTO-AEC;UNIDADES;SOBRANTE ;2;2;127;28203.56
SEM-18;46139;APLICADO;CATACAMAS-AEC;UNIDADES;;0;2;77;10587.01
SEM-18;46139;APLICADO;COMAYAGUELA-AEC;UNIDADES;;0;1;30;3582.85
SEM-18;46139;APLICADO;ENTRADA COPAN-AEC;DAÑADO;;0;1;1;196.7
SEM-18;46139;APLICADO;GRACIAS  #1-AEC;DAÑADO;;0;1;14;491.97
SEM-18;46139;APLICADO;GRACIAS  #1-AEC;UNIDADES;;0;5;342;31206.79
SEM-18;46139;APLICADO;GRACIAS #2-AEC;UNIDADES;;0;2;37;4212.68
SEM-18;46139;APLICADO;GUAIMACA-AEC;UNIDADES;;0;2;158;11297.04
SEM-18;46139;APLICADO;LA CEIBA EDIFICIO-AEC;UNIDADES;;0;3;9;2088
SEM-18;46139;APLICADO;MARCALA-AEC;UNIDADES;;0;2;85;18981.85
SEM-18;46139;APLICADO;MARCALA-AEC;UNIDADES;SOBRANTE ;1;1;44;11308.27
SEM-18;46139;APLICADO;MEGATIENDA-AEC;UNIDADES;;0;1;30;3828.29
SEM-18;46139;APLICADO;MORAZAN #1-AEC;DAÑADO;;0;10;831;70053.57
SEM-18;46139;APLICADO;MORAZAN #1-AEC;UNIDADES;;0;6;207;32382.98
SEM-18;46139;APLICADO;OLANCHITO-AEC;UNIDADES;;0;1;29;3663.44
SEM-18;46139;APLICADO;SABA-AEC;POCA ROTACION;;0;1;9;960
SEM-18;46139;APLICADO;SABA-AEC;UNIDADES;;0;2;32;7178.97
SEM-18;46139;APLICADO;SANTA CRUZ AEC;UNIDADES;;0;8;372;49114.07
SEM-18;46139;APLICADO;SONAGUERA-AEC;UNIDADES;;0;1;24;2964.38
SEM-18;46140;SIN APLICAR;JESUS DE OTORO-AEC;UNIDADES;;0;1;30;3864.29
SEM-18;46140;SIN APLICAR;MEGATIENDA-AEC;UNIDADES;;0;1;1;56.37
SEM-18;46140;SIN APLICAR;PEÑA BLANCA AEC;UNIDADES;;0;1;43;5380.79
SEM-18;46140;APLICADO;EL PARAISO AEC;UNIDADES;;0;1;41;5162.9
SEM-18;46140;APLICADO;JESUS DE OTORO-AEC;DAÑADO;;0;1;3;317.46
SEM-18;46140;APLICADO;JESUS DE OTORO-AEC;UNIDADES;;0;1;70;9909.88
SEM-18;46140;APLICADO;PEÑA BLANCA AEC;UNIDADES;;0;1;14;2263.23
SEM-18;46140;APLICADO;SANTA BARBARA-AEC;DAÑADO;;0;9;632;27344.9
SEM-18;46140;APLICADO;SIGUATEPEQUE-AEC;UNIDADES;;0;2;58;7583.28
SEM-18;46141;SIN APLICAR;MAYOREO SPS-AEC;DAÑADO;;0;1;90;4029.26
SEM-18;46141;APLICADO;MAYOREO SPS-AEC;UNIDADES;;0;2;168;21582.5
SEM-18;46142;SIN APLICAR;PUERTO CORTES-AEC;DAÑADO;;0;1;11;735.41
SEM-18;46142;SIN APLICAR;PUERTO CORTES-AEC;UNIDADES;;0;1;55;6855.57
SEM-18;46142;SIN APLICAR;SPS TERMINAL-AEC;UNIDADES;;0;2;7;1033.71
SEM-18;46142;APLICADO;PUERTO CORTES-AEC;UNIDADES;;0;1;15;5208.91
SEM-18;46142;APLICADO;SPS TERMINAL-AEC;UNIDADES;;0;1;61;7808.28
