SEMANA;Fecha;Tipo Transferencia;Origen;Destino;Division; BULTOS; UNIDADES; BULTOS; UNIDADES
14;1/4/2025;SEGUNDA;BODEGA DANILOS ;CAMPAMENTO OLANCHO-DS;DS HOGAR;;;1;175
14;1/4/2025;SEGUNDA;BODEGA DANILOS ;OLANCHITO-DS;DS HOGAR;;;3;303
14;1/4/2025;SEGUNDA;BODEGA DANILOS ;YORO-DS;DS ROPA;;;2;214
14;2/4/2025;SEGUNDA;BODEGA DANILOS ;LA CEIBA-DS;DS HOGAR;;;1;40
14;2/4/2025;SEGUNDA;BODEGA DANILOS ;LA CEIBA-DS;DS ROPA;;;2;595
14;2/4/2025;SEGUNDA;BODEGA DANILOS ;LEPAERA-DS;DS HOGAR;;;1;51
14;2/4/2025;SEGUNDA;BODEGA DANILOS ;OLANCHITO-DS;DS HOGAR;;;2;64
14;2/4/2025;SEGUNDA;BODEGA DANILOS ;SABA-DS;DS HOGAR;;;1;8
14;2/4/2025;SEGUNDA;BODEGA DANILOS ;SABA-DS;DS ROPA;;;1;268
14;2/4/2025;SEGUNDA;BODEGA DANILOS ;SAN FRANCISCO-DS;DS HOGAR;;;1;13
14;2/4/2025;SEGUNDA;BODEGA DANILOS ;YORO-DS;DS HOGAR;;;1;14
14;2/4/2025;SEGUNDA;BODEGA DANILOS ;YORO-DS;DS ROPA;;;3;530
14;3/4/2025;SEGUNDA;BODEGA DANILOS ;GRACIAS, LEMPIRA-DS;DS HOGAR;;;0;1
14;3/4/2025;SEGUNDA;BODEGA DANILOS ;GRACIAS, LEMPIRA-DS;DS INTERIOR;;;1;12
14;3/4/2025;SEGUNDA;BODEGA DANILOS ;GRACIAS, LEMPIRA-DS;DS ROPA;;;1;192
14;3/4/2025;SEGUNDA;BODEGA DANILOS ;GRACIAS, LEMPIRA-DS;DS VERANO;;;0;1
14;3/4/2025;SEGUNDA;BODEGA DANILOS ;LA CEIBA-DS;DS ACCESORIOS;;;0;2
14;3/4/2025;SEGUNDA;BODEGA DANILOS ;LA CEIBA-DS;DS HOGAR;;;0;3
14;3/4/2025;SEGUNDA;BODEGA DANILOS ;LA CEIBA-DS;DS INTERIOR;;;0;99
14;3/4/2025;SEGUNDA;BODEGA DANILOS ;LA CEIBA-DS;DS ROPA;;;0;10
14;3/4/2025;SEGUNDA;BODEGA DANILOS ;LA CEIBA-DS;DS VERANO;;;0;1
14;3/4/2025;SEGUNDA;BODEGA DANILOS ;LA VITRINA-EL PARAISO;DS HOGAR;;;0;16
14;3/4/2025;SEGUNDA;BODEGA DANILOS ;LA VITRINA-EL PARAISO;DS INTERIOR;;;1;5
14;3/4/2025;SEGUNDA;BODEGA DANILOS ;LA VITRINA-EL PARAISO;DS ROPA;;;1;179
14;4/4/2025;SEGUNDA;BODEGA DANILOS ;OLANCHITO-DS;DS ROPA;;;1;331
14;4/4/2025;SEGUNDA;BODEGA DANILOS ;SABA-DS;DS ROPA;;;2;510
14;5/4/2025;SEGUNDA;BODEGA DANILOS ;LA VITRINA-LA LABOR OCOTEPEQUE;DS INTERIOR;;;1;2
14;5/4/2025;SEGUNDA;BODEGA DANILOS ;LA VITRINA-LA LABOR OCOTEPEQUE;DS ROPA;;;3;456
14;5/4/2025;SEGUNDA;BODEGA DANILOS ;LA VITRINA-SAN ESTEBAN;DS ROPA;;;3;551
14;5/4/2025;SEGUNDA;BODEGA DANILOS ;OLANCHITO-DS;DS INTERIOR;;;1;25
14;5/4/2025;SEGUNDA;BODEGA DANILOS ;OLANCHITO-DS;DS ROPA;;;3;560
14;5/4/2025;SEGUNDA;BODEGA DANILOS ;SABA-DS;DS ROPA;;;1;144
14;5/4/2025;SEGUNDA;BODEGA DANILOS ;YORO-DS;DS HOGAR;;;1;60
14;1/4/2026;SEGUNDA;BODEGA DANILOS ;CAMPAMENTO OLANCHO-DS;DS ROPA;4;374;;
14;1/4/2026;SEGUNDA;BODEGA DANILOS ;CATACAMAS-DS;DS HOGAR;1;35;;
14;1/4/2026;SEGUNDA;BODEGA DANILOS ;CATACAMAS-DS;DS ROPA;1;162;;
14;1/4/2026;SEGUNDA;BODEGA DANILOS ;CUCUYAGUA-DS;DS ROPA;2;192;;
14;1/4/2026;SEGUNDA;BODEGA DANILOS ;GRACIAS, LEMPIRA-DS;DS HOGAR;3;90;;
14;1/4/2026;SEGUNDA;BODEGA DANILOS ;GUAYMACA-DS;DS INTERIOR;1;14;;
14;1/4/2026;SEGUNDA;BODEGA DANILOS ;GUAYMACA-DS;DS ROPA;3;246;;
14;1/4/2026;SEGUNDA;BODEGA DANILOS ;LA CEIBA-DS;DS ROPA;2;82;;
14;1/4/2026;SEGUNDA;BODEGA DANILOS ;LA LIBERTAD-DS;DS ROPA;2;140;;
14;1/4/2026;SEGUNDA;BODEGA DANILOS ;LA VITRINA, TOCOA;DS ROPA;4;277;;
14;1/4/2026;SEGUNDA;BODEGA DANILOS ;LA VITRINA-EL PARAISO;DS HOGAR;14;502;;
14;1/4/2026;SEGUNDA;BODEGA DANILOS ;LA VITRINA-LA LABOR OCOTEPEQUE;DS ROPA;1;29;;
14;1/4/2026;SEGUNDA;BODEGA DANILOS ;LA VITRINA-PEÑA BLANCA;DS HOGAR;4;47;;
14;1/4/2026;SEGUNDA;BODEGA DANILOS ;LA VITRINA-PEÑA BLANCA;DS ROPA;5;573;;
14;1/4/2026;SEGUNDA;BODEGA DANILOS ;LA VITRINA-SABA;DS ROPA;3;210;;
14;1/4/2026;SEGUNDA;BODEGA DANILOS ;LA VITRINA-SAN ESTEBAN;DS ROPA;1;51;;
14;1/4/2026;SEGUNDA;BODEGA DANILOS ;LA VITRINA-TALANGA ;DS ROPA;2;236;;
14;1/4/2026;SEGUNDA;BODEGA DANILOS ;LEPAERA-DS;DS INTERIOR;1;30;;
14;1/4/2026;SEGUNDA;BODEGA DANILOS ;LEPAERA-DS;DS ROPA;3;235;;
14;1/4/2026;SEGUNDA;BODEGA DANILOS ;MEGACARPA EL PROGRESO-DS;DS ROPA;1;56;;
14;1/4/2026;SEGUNDA;BODEGA DANILOS ;OLANCHITO-DS;DS ROPA;1;54;;
14;1/4/2026;SEGUNDA;BODEGA DANILOS ;RIO LINDO, LA  VITRINA;DS HOGAR;1;64;;
14;1/4/2026;SEGUNDA;BODEGA DANILOS ;RIO LINDO, LA  VITRINA;DS ROPA;2;80;;
14;1/4/2026;SEGUNDA;BODEGA DANILOS ;SAN MARCOS OCOTEPEQUE, LA VITR;DS ROPA;1;15;;
14;1/4/2026;SEGUNDA;BODEGA DANILOS ;SANTA RITA, COPAN -DS;DS ROPA;2;76;;
14;1/4/2026;SEGUNDA;BODEGA DANILOS ;SONAGUERA-DS;DS HOGAR;2;31;;
14;1/4/2026;SEGUNDA;BODEGA DANILOS ;YORO-DS;DS HOGAR;1;62;;
14;1/4/2026;SEGUNDA;BODEGA DANILOS ;YORO-DS;DS ROPA;3;224;;
14;2/4/2026;SEGUNDA;BODEGA DANILOS ;CAMPAMENTO OLANCHO-DS;DS HOGAR;1;34;;
14;2/4/2026;SEGUNDA;BODEGA DANILOS ;CAMPAMENTO OLANCHO-DS;DS ROPA;3;226;;
14;2/4/2026;SEGUNDA;BODEGA DANILOS ;CATACAMAS-DS;DS ROPA;2;105;;
14;2/4/2026;SEGUNDA;BODEGA DANILOS ;CUCUYAGUA-DS;DS HOGAR;1;13;;
14;2/4/2026;SEGUNDA;BODEGA DANILOS ;CUCUYAGUA-DS;DS ROPA;3;288;;
14;2/4/2026;SEGUNDA;BODEGA DANILOS ;GRACIAS, LEMPIRA-DS;DS HOGAR;2;34;;
14;2/4/2026;SEGUNDA;BODEGA DANILOS ;GUAYMACA-DS;DS ROPA;3;259;;
14;2/4/2026;SEGUNDA;BODEGA DANILOS ;LA CEIBA-DS;DS ROPA;4;202;;
14;2/4/2026;SEGUNDA;BODEGA DANILOS ;LA LIBERTAD-DS;DS ROPA;1;66;;
14;2/4/2026;SEGUNDA;BODEGA DANILOS ;LA VITRINA INTIBUCA;DS HOGAR;1;15;;
14;2/4/2026;SEGUNDA;BODEGA DANILOS ;LA VITRINA INTIBUCA;DS ROPA;4;419;;
14;2/4/2026;SEGUNDA;BODEGA DANILOS ;LA VITRINA, MEGATIENDA;DS HOGAR;2;31;;
14;2/4/2026;SEGUNDA;BODEGA DANILOS ;LA VITRINA, MEGATIENDA;DS ROPA;2;70;;
14;2/4/2026;SEGUNDA;BODEGA DANILOS ;LA VITRINA, TOCOA;DS HOGAR;2;40;;
14;2/4/2026;SEGUNDA;BODEGA DANILOS ;LA VITRINA, TOCOA;DS ROPA;1;107;;
14;2/4/2026;SEGUNDA;BODEGA DANILOS ;LA VITRINA-EL PARAISO;DS ROPA;2;87;;
14;2/4/2026;SEGUNDA;BODEGA DANILOS ;LA VITRINA-LA LABOR OCOTEPEQUE;DS HOGAR;4;28;;
14;2/4/2026;SEGUNDA;BODEGA DANILOS ;LA VITRINA-LA LABOR OCOTEPEQUE;DS ROPA;3;290;;
14;2/4/2026;SEGUNDA;BODEGA DANILOS ;LA VITRINA-PEÑA BLANCA;DS HOGAR;7;107;;
14;2/4/2026;SEGUNDA;BODEGA DANILOS ;LA VITRINA-PEÑA BLANCA;DS ROPA;4;302;;
14;2/4/2026;SEGUNDA;BODEGA DANILOS ;LA VITRINA-SABA;DS HOGAR;1;20;;
14;2/4/2026;SEGUNDA;BODEGA DANILOS ;LA VITRINA-SABA;DS ROPA;1;10;;
14;2/4/2026;SEGUNDA;BODEGA DANILOS ;LA VITRINA-SAN ESTEBAN;DS HOGAR;1;27;;
14;2/4/2026;SEGUNDA;BODEGA DANILOS ;LA VITRINA-SAN ESTEBAN;DS ROPA;1;10;;
14;2/4/2026;SEGUNDA;BODEGA DANILOS ;LA VITRINA-TALANGA ;DS HOGAR;1;16;;
14;2/4/2026;SEGUNDA;BODEGA DANILOS ;LA VITRINA-TALANGA ;DS ROPA;1;10;;
14;2/4/2026;SEGUNDA;BODEGA DANILOS ;LEPAERA-DS;DS HOGAR;1;23;;
14;2/4/2026;SEGUNDA;BODEGA DANILOS ;LEPAERA-DS;DS ROPA;2;163;;
14;2/4/2026;SEGUNDA;BODEGA DANILOS ;MEGACARPA EL PROGRESO-DS;DS ROPA;3;218;;
14;2/4/2026;SEGUNDA;BODEGA DANILOS ;OLANCHITO-DS;DS HOGAR;2;48;;
14;2/4/2026;SEGUNDA;BODEGA DANILOS ;OLANCHITO-DS;DS ROPA;3;309;;
14;2/4/2026;SEGUNDA;BODEGA DANILOS ;RIO LINDO, LA  VITRINA;DS ROPA;2;315;;
14;2/4/2026;SEGUNDA;BODEGA DANILOS ;SAN FRANCISCO-DS;DS ROPA;2;110;;
14;2/4/2026;SEGUNDA;BODEGA DANILOS ;SAN MARCOS OCOTEPEQUE, LA VITR;DS ROPA;3;301;;
14;2/4/2026;SEGUNDA;BODEGA DANILOS ;YORO-DS;DS HOGAR;2;35;;
14;2/4/2026;SEGUNDA;BODEGA DANILOS ;YORO-DS;DS ROPA;2;230;;
15;9/4/2025;SEGUNDA;BODEGA DANILOS ;CAMPAMENTO OLANCHO-DS;DS ROPA;;;1;208
15;9/4/2025;SEGUNDA;BODEGA DANILOS ;GRACIAS, LEMPIRA-DS;DS HOGAR;;;1;1
15;9/4/2025;SEGUNDA;BODEGA DANILOS ;GRACIAS, LEMPIRA-DS;DS ROPA;;;1;11
15;9/4/2025;SEGUNDA;BODEGA DANILOS ;LA VITRINA-EL PARAISO;DS ROPA;;;1;11
15;10/4/2025;SEGUNDA;BODEGA DANILOS ;CAMPAMENTO OLANCHO-DS;DS ROPA;;;4;837
15;10/4/2025;SEGUNDA;BODEGA DANILOS ;CATACAMAS-DS;DS ROPA;;;3;627
15;10/4/2025;SEGUNDA;BODEGA DANILOS ;GUAYMACA-DS;DS HOGAR;;;2;9
15;10/4/2025;SEGUNDA;BODEGA DANILOS ;LA VITRINA-SAN ESTEBAN;DS HOGAR;;;1;5
15;10/4/2025;SEGUNDA;BODEGA DANILOS ;LA VITRINA-SAN ESTEBAN;DS ROPA;;;4;807
15;10/4/2025;SEGUNDA;BODEGA DANILOS ;LA VITRINA-TALANGA ;DS HOGAR;;;1;5
15;10/4/2025;SEGUNDA;BODEGA DANILOS ;LEPAERA-DS;DS HOGAR;;;6;413
15;10/4/2025;SEGUNDA;BODEGA DANILOS ;LEPAERA-DS;DS ROPA;;;1;204
15;10/4/2025;SEGUNDA;BODEGA DANILOS ;OLANCHITO-DS;DS HOGAR;;;1;5
15;10/4/2025;SEGUNDA;BODEGA DANILOS ;OLANCHITO-DS;DS ROPA;;;4;830
15;10/4/2025;SEGUNDA;BODEGA DANILOS ;YORO-DS;DS HOGAR;;;1;5
15;11/4/2025;SEGUNDA;BODEGA DANILOS ;CAMPAMENTO OLANCHO-DS;DS HOGAR;;;1;5
15;11/4/2025;SEGUNDA;BODEGA DANILOS ;CAMPAMENTO OLANCHO-DS;DS ROPA;;;3;448
15;11/4/2025;SEGUNDA;BODEGA DANILOS ;CATACAMAS-DS;DS ROPA;;;2;91
15;11/4/2025;SEGUNDA;BODEGA DANILOS ;CUCUYAGUA-DS;DS HOGAR;;;1;5
15;11/4/2025;SEGUNDA;BODEGA DANILOS ;CUCUYAGUA-DS;DS JUGUETERIA;;;1;4
15;11/4/2025;SEGUNDA;BODEGA DANILOS ;GUAYMACA-DS;DS HOGAR;;;3;339
15;11/4/2025;SEGUNDA;BODEGA DANILOS ;LA CEIBA-DS;DS INTERIOR;;;1;82
15;11/4/2025;SEGUNDA;BODEGA DANILOS ;LA VITRINA-LA LABOR OCOTEPEQUE;DS HOGAR;;;3;125
15;11/4/2025;SEGUNDA;BODEGA DANILOS ;LA VITRINA-SAN ESTEBAN;DS INTERIOR;;;1;111
15;11/4/2025;SEGUNDA;BODEGA DANILOS ;LA VITRINA-SAN ESTEBAN;DS ROPA;;;2;378
15;11/4/2025;SEGUNDA;BODEGA DANILOS ;LA VITRINA-SAN ESTEBAN;DS VERANO;;;0;36
15;11/4/2025;SEGUNDA;BODEGA DANILOS ;LA VITRINA-TRINIDAD;DS ROPA;;;1;232
15;11/4/2025;SEGUNDA;BODEGA DANILOS ;LEPAERA-DS;DS HOGAR;;;4;234
15;11/4/2025;SEGUNDA;BODEGA DANILOS ;LEPAERA-DS;DS INTERIOR;;;2;103
15;11/4/2025;SEGUNDA;BODEGA DANILOS ;LEPAERA-DS;DS ROPA;;;3;654
15;11/4/2025;SEGUNDA;BODEGA DANILOS ;OLANCHITO-DS;DS INTERIOR;;;1;46
15;11/4/2025;SEGUNDA;BODEGA DANILOS ;OLANCHITO-DS;DS ROPA;;;4;785
15;11/4/2025;SEGUNDA;BODEGA DANILOS ;OLANCHITO-DS;DS VERANO;;;1;19
15;11/4/2025;SEGUNDA;BODEGA DANILOS ;SABA-DS;DS HOGAR;;;1;5
15;11/4/2025;SEGUNDA;BODEGA DANILOS ;SAN FRANCISCO-DS;DS ROPA;;;2;323
15;11/4/2025;SEGUNDA;BODEGA DANILOS ;SANTA RITA, COPAN -DS;DS HOGAR;;;1;5
15;11/4/2025;SEGUNDA;BODEGA DANILOS ;YORO-DS;DS HOGAR;;;1;187
15;11/4/2025;SEGUNDA;BODEGA DANILOS ;YORO-DS;DS ROPA;;;2;300
15;12/4/2025;SEGUNDA;BODEGA DANILOS ;CAMPAMENTO OLANCHO-DS;DS INTERIOR;;;2;437
15;12/4/2025;SEGUNDA;BODEGA DANILOS ;CAMPAMENTO OLANCHO-DS;DS ROPA;;;4;463
15;12/4/2025;SEGUNDA;BODEGA DANILOS ;CAMPAMENTO OLANCHO-DS;DS VERANO;;;2;26
15;12/4/2025;SEGUNDA;BODEGA DANILOS ;CATACAMAS-DS;DS HOGAR;;;1;5
15;12/4/2025;SEGUNDA;BODEGA DANILOS ;CATACAMAS-DS;DS VERANO;;;1;17
15;12/4/2025;SEGUNDA;BODEGA DANILOS ;CUCUYAGUA-DS;DS HOGAR;;;3;257
15;12/4/2025;SEGUNDA;BODEGA DANILOS ;CUCUYAGUA-DS;DS INTERIOR;;;1;275
15;12/4/2025;SEGUNDA;BODEGA DANILOS ;CUCUYAGUA-DS;DS ROPA;;;4;615
15;12/4/2025;SEGUNDA;BODEGA DANILOS ;CUCUYAGUA-DS;DS VERANO;;;1;21
15;12/4/2025;SEGUNDA;BODEGA DANILOS ;EL NEGRITO, YORO-DS;DS HOGAR;;;1;5
15;12/4/2025;SEGUNDA;BODEGA DANILOS ;GUAYMACA-DS;DS INTERIOR;;;2;498
15;12/4/2025;SEGUNDA;BODEGA DANILOS ;GUAYMACA-DS;DS ROPA;;;1;103
15;12/4/2025;SEGUNDA;BODEGA DANILOS ;GUAYMACA-DS;DS VERANO;;;1;2
15;12/4/2025;SEGUNDA;BODEGA DANILOS ;LA CEIBA-DS;DS INTERIOR;;;1;284
15;12/4/2025;SEGUNDA;BODEGA DANILOS ;LA CEIBA-DS;DS ROPA;;;1;101
15;12/4/2025;SEGUNDA;BODEGA DANILOS ;LA CEIBA-DS;DS VERANO;;;2;32
15;12/4/2025;SEGUNDA;BODEGA DANILOS ;LA LIBERTAD-DS;DS HOGAR;;;1;5
15;12/4/2025;SEGUNDA;BODEGA DANILOS ;LA LIBERTAD-DS;DS ROPA;;;1;1
15;12/4/2025;SEGUNDA;BODEGA DANILOS ;LA VITRINA-LA LABOR OCOTEPEQUE;DS INTERIOR;;;0;223
15;12/4/2025;SEGUNDA;BODEGA DANILOS ;LA VITRINA-LA LABOR OCOTEPEQUE;DS ROPA;;;1;97
15;12/4/2025;SEGUNDA;BODEGA DANILOS ;LA VITRINA-LA LABOR OCOTEPEQUE;DS VERANO;;;3;75
15;12/4/2025;SEGUNDA;BODEGA DANILOS ;LA VITRINA-SAN ESTEBAN;DS INTERIOR;;;0;195
15;12/4/2025;SEGUNDA;BODEGA DANILOS ;LA VITRINA-SAN ESTEBAN;DS ROPA;;;3;307
15;12/4/2025;SEGUNDA;BODEGA DANILOS ;LA VITRINA-SAN ESTEBAN;DS VERANO;;;1;2
15;12/4/2025;SEGUNDA;BODEGA DANILOS ;LA VITRINA-TALANGA ;DS HOGAR;;;2;168
15;12/4/2025;SEGUNDA;BODEGA DANILOS ;LA VITRINA-TALANGA ;DS INTERIOR;;;1;250
15;12/4/2025;SEGUNDA;BODEGA DANILOS ;LA VITRINA-TALANGA ;DS ROPA;;;4;653
15;12/4/2025;SEGUNDA;BODEGA DANILOS ;LA VITRINA-TALANGA ;DS VERANO;;;1;2
15;12/4/2025;SEGUNDA;BODEGA DANILOS ;LEPAERA-DS;DS INTERIOR;;;2;343
15;12/4/2025;SEGUNDA;BODEGA DANILOS ;LEPAERA-DS;DS ROPA;;;3;594
15;12/4/2025;SEGUNDA;BODEGA DANILOS ;LEPAERA-DS;DS VERANO;;;1;22
15;12/4/2025;SEGUNDA;BODEGA DANILOS ;MEGACARPA EL PROGRESO-DS;DS HOGAR;;;1;5
15;12/4/2025;SEGUNDA;BODEGA DANILOS ;MEGACARPA EL PROGRESO-DS;DS ROPA;;;1;3
15;12/4/2025;SEGUNDA;BODEGA DANILOS ;MEGACARPA EL PROGRESO-DS;DS VERANO;;;1;15
15;12/4/2025;SEGUNDA;BODEGA DANILOS ;OLANCHITO-DS;DS INTERIOR;;;1;289
15;12/4/2025;SEGUNDA;BODEGA DANILOS ;OLANCHITO-DS;DS ROPA;;;3;313
15;12/4/2025;SEGUNDA;BODEGA DANILOS ;OLANCHITO-DS;DS VERANO;;;1;1
15;12/4/2025;SEGUNDA;BODEGA DANILOS ;SABA-DS;DS INTERIOR;;;1;50
15;12/4/2025;SEGUNDA;BODEGA DANILOS ;SABA-DS;DS ROPA;;;0;1
15;12/4/2025;SEGUNDA;BODEGA DANILOS ;SABA-DS;DS VERANO;;;0;2
15;12/4/2025;SEGUNDA;BODEGA DANILOS ;SAN FRANCISCO-DS;DS HOGAR;;;1;5
15;12/4/2025;SEGUNDA;BODEGA DANILOS ;SANTA RITA, COPAN -DS;DS INTERIOR;;;0;225
15;12/4/2025;SEGUNDA;BODEGA DANILOS ;SANTA RITA, COPAN -DS;DS ROPA;;;2;224
15;12/4/2025;SEGUNDA;BODEGA DANILOS ;SANTA RITA, COPAN -DS;DS VERANO;;;1;2
15;12/4/2025;SEGUNDA;BODEGA DANILOS ;YORO-DS;DS ACCESORIOS;;;1;2
15;12/4/2025;SEGUNDA;BODEGA DANILOS ;YORO-DS;DS INTERIOR;;;2;292
15;12/4/2025;SEGUNDA;BODEGA DANILOS ;YORO-DS;DS ROPA;;;4;459
15;12/4/2025;SEGUNDA;BODEGA DANILOS ;YORO-DS;DS VERANO;;;1;2
15;6/4/2026;SEGUNDA;BODEGA DANILOS ;CAMPAMENTO OLANCHO-DS;DS HOGAR;3;117;;
15;6/4/2026;SEGUNDA;BODEGA DANILOS ;CAMPAMENTO OLANCHO-DS;DS ROPA;2;86;;
15;6/4/2026;SEGUNDA;BODEGA DANILOS ;CATACAMAS-DS;DS HOGAR;1;60;;
15;6/4/2026;SEGUNDA;BODEGA DANILOS ;CUCUYAGUA-DS;DS HOGAR;1;31;;
15;6/4/2026;SEGUNDA;BODEGA DANILOS ;CUCUYAGUA-DS;DS ROPA;1;60;;
15;6/4/2026;SEGUNDA;BODEGA DANILOS ;EL NEGRITO, YORO-DS;DS HOGAR;1;33;;
15;6/4/2026;SEGUNDA;BODEGA DANILOS ;EL NEGRITO, YORO-DS;DS ROPA;1;6;;
15;6/4/2026;SEGUNDA;BODEGA DANILOS ;GRACIAS, LEMPIRA-DS;DS HOGAR;1;40;;
15;6/4/2026;SEGUNDA;BODEGA DANILOS ;GUAYMACA-DS;DS HOGAR;1;30;;
15;6/4/2026;SEGUNDA;BODEGA DANILOS ;GUAYMACA-DS;DS ROPA;2;61;;
15;6/4/2026;SEGUNDA;BODEGA DANILOS ;LA CEIBA-DS;DS ROPA;4;201;;
15;6/4/2026;SEGUNDA;BODEGA DANILOS ;LA LIBERTAD-DS;DS HOGAR;3;95;;
15;6/4/2026;SEGUNDA;BODEGA DANILOS ;LA LIBERTAD-DS;DS ROPA;2;105;;
15;6/4/2026;SEGUNDA;BODEGA DANILOS ;LA VITRINA INTIBUCA;DS ROPA;1;323;;
15;6/4/2026;SEGUNDA;BODEGA DANILOS ;LA VITRINA, TOCOA;DS ROPA;2;162;;
15;6/4/2026;SEGUNDA;BODEGA DANILOS ;LA VITRINA-EL PARAISO;DS ROPA;1;40;;
15;6/4/2026;SEGUNDA;BODEGA DANILOS ;LA VITRINA-LA LABOR OCOTEPEQUE;DS HOGAR;1;15;;
15;6/4/2026;SEGUNDA;BODEGA DANILOS ;LA VITRINA-PEÑA BLANCA;DS HOGAR;1;29;;
15;6/4/2026;SEGUNDA;BODEGA DANILOS ;LA VITRINA-PEÑA BLANCA;DS ROPA;2;66;;
15;6/4/2026;SEGUNDA;BODEGA DANILOS ;LA VITRINA-SABA;DS HOGAR;1;37;;
15;6/4/2026;SEGUNDA;BODEGA DANILOS ;LA VITRINA-SABA;DS ROPA;2;470;;
15;6/4/2026;SEGUNDA;BODEGA DANILOS ;LA VITRINA-SAN ESTEBAN;DS HOGAR;3;82;;
15;6/4/2026;SEGUNDA;BODEGA DANILOS ;LA VITRINA-SAN ESTEBAN;DS ROPA;1;20;;
15;6/4/2026;SEGUNDA;BODEGA DANILOS ;LA VITRINA-TALANGA ;DS HOGAR;1;53;;
15;6/4/2026;SEGUNDA;BODEGA DANILOS ;LA VITRINA-TALANGA ;DS ROPA;1;122;;
15;6/4/2026;SEGUNDA;BODEGA DANILOS ;LA VITRINA-TRINIDAD;DS ROPA;2;36;;
15;6/4/2026;SEGUNDA;BODEGA DANILOS ;LEPAERA-DS;DS HOGAR;1;65;;
15;6/4/2026;SEGUNDA;BODEGA DANILOS ;LEPAERA-DS;DS ROPA;3;100;;
15;6/4/2026;SEGUNDA;BODEGA DANILOS ;MEGACARPA EL PROGRESO-DS;DS HOGAR;1;15;;
15;6/4/2026;SEGUNDA;BODEGA DANILOS ;OLANCHITO-DS;DS HOGAR;3;79;;
15;6/4/2026;SEGUNDA;BODEGA DANILOS ;OLANCHITO-DS;DS ROPA;4;416;;
15;6/4/2026;SEGUNDA;BODEGA DANILOS ;RIO LINDO, LA  VITRINA;DS ROPA;1;200;;
15;6/4/2026;SEGUNDA;BODEGA DANILOS ;SAN FRANCISCO-DS;DS HOGAR;3;43;;
15;6/4/2026;SEGUNDA;BODEGA DANILOS ;SAN FRANCISCO-DS;DS ROPA;1;23;;
15;6/4/2026;SEGUNDA;BODEGA DANILOS ;SAN MARCOS OCOTEPEQUE, LA VITR;DS ROPA;1;145;;
15;6/4/2026;SEGUNDA;BODEGA DANILOS ;SANTA RITA, COPAN -DS;DS ROPA;1;40;;
15;6/4/2026;SEGUNDA;BODEGA DANILOS ;SONAGUERA-DS;DS ROPA;1;30;;
15;6/4/2026;SEGUNDA;BODEGA DANILOS ;YORO-DS;DS HOGAR;1;16;;
15;6/4/2026;SEGUNDA;BODEGA DANILOS ;YORO-DS;DS ROPA;1;54;;
15;7/4/2026;SEGUNDA;BODEGA DANILOS ;CAMPAMENTO OLANCHO-DS;DS HOGAR;1;23;;
15;7/4/2026;SEGUNDA;BODEGA DANILOS ;CUCUYAGUA-DS;DS HOGAR;3;98;;
15;7/4/2026;SEGUNDA;BODEGA DANILOS ;CUCUYAGUA-DS;DS ROPA;1;108;;
15;7/4/2026;SEGUNDA;BODEGA DANILOS ;GRACIAS, LEMPIRA-DS;DS HOGAR;2;42;;
15;7/4/2026;SEGUNDA;BODEGA DANILOS ;GUAYMACA-DS;DS HOGAR;1;65;;
15;7/4/2026;SEGUNDA;BODEGA DANILOS ;LA CEIBA-DS;DS ROPA;1;51;;
15;7/4/2026;SEGUNDA;BODEGA DANILOS ;LA VITRINA INTIBUCA;DS ROPA;2;263;;
15;7/4/2026;SEGUNDA;BODEGA DANILOS ;LA VITRINA, MEGATIENDA;DS ROPA;2;383;;
15;7/4/2026;SEGUNDA;BODEGA DANILOS ;LA VITRINA, TOCOA;DS HOGAR;1;50;;
15;7/4/2026;SEGUNDA;BODEGA DANILOS ;LA VITRINA, TOCOA;DS ROPA;3;141;;
15;7/4/2026;SEGUNDA;BODEGA DANILOS ;LA VITRINA-EL PARAISO;DS ROPA;2;83;;
15;7/4/2026;SEGUNDA;BODEGA DANILOS ;LA VITRINA-LA LABOR OCOTEPEQUE;DS HOGAR;1;20;;
15;7/4/2026;SEGUNDA;BODEGA DANILOS ;LA VITRINA-PEÑA BLANCA;DS HOGAR;1;10;;
15;7/4/2026;SEGUNDA;BODEGA DANILOS ;LA VITRINA-PEÑA BLANCA;DS INTERIOR;1;1;;
15;7/4/2026;SEGUNDA;BODEGA DANILOS ;LA VITRINA-PEÑA BLANCA;DS ROPA;3;297;;
15;7/4/2026;SEGUNDA;BODEGA DANILOS ;LA VITRINA-PEÑA BLANCA;DS VERANO;1;1;;
15;7/4/2026;SEGUNDA;BODEGA DANILOS ;LA VITRINA-SABA;DS HOGAR;4;108;;
15;7/4/2026;SEGUNDA;BODEGA DANILOS ;LA VITRINA-SABA;DS INTERIOR;1;6;;
15;7/4/2026;SEGUNDA;BODEGA DANILOS ;LA VITRINA-SABA;DS ROPA;3;393;;
15;7/4/2026;SEGUNDA;BODEGA DANILOS ;LA VITRINA-SABA;DS VERANO;0;2;;
15;7/4/2026;SEGUNDA;BODEGA DANILOS ;LA VITRINA-SAN ESTEBAN;DS ROPA;2;307;;
15;7/4/2026;SEGUNDA;BODEGA DANILOS ;LA VITRINA-TALANGA ;DS HOGAR;2;90;;
15;7/4/2026;SEGUNDA;BODEGA DANILOS ;LA VITRINA-TALANGA ;DS ROPA;1;54;;
15;7/4/2026;SEGUNDA;BODEGA DANILOS ;LA VITRINA-TRINIDAD;DS HOGAR;1;50;;
15;7/4/2026;SEGUNDA;BODEGA DANILOS ;LEPAERA-DS;DS INTERIOR;0;23;;
15;7/4/2026;SEGUNDA;BODEGA DANILOS ;LEPAERA-DS;DS ROPA;4;488;;
15;7/4/2026;SEGUNDA;BODEGA DANILOS ;LEPAERA-DS;DS VERANO;0;17;;
15;7/4/2026;SEGUNDA;BODEGA DANILOS ;MEGACARPA EL PROGRESO-DS;DS ROPA;1;100;;
15;7/4/2026;SEGUNDA;BODEGA DANILOS ;OLANCHITO-DS;DS HOGAR;11;254;;
15;7/4/2026;SEGUNDA;BODEGA DANILOS ;OLANCHITO-DS;DS ROPA;6;913;;
15;7/4/2026;SEGUNDA;BODEGA DANILOS ;RIO LINDO, LA  VITRINA;DS HOGAR;1;48;;
15;7/4/2026;SEGUNDA;BODEGA DANILOS ;RIO LINDO, LA  VITRINA;DS ROPA;1;40;;
15;7/4/2026;SEGUNDA;BODEGA DANILOS ;SAN FRANCISCO-DS;DS HOGAR;2;38;;
15;7/4/2026;SEGUNDA;BODEGA DANILOS ;SAN MARCOS OCOTEPEQUE, LA VITR;DS INTERIOR;1;30;;
15;7/4/2026;SEGUNDA;BODEGA DANILOS ;SAN MARCOS OCOTEPEQUE, LA VITR;DS ROPA;1;176;;
15;7/4/2026;SEGUNDA;BODEGA DANILOS ;SANTA RITA, COPAN -DS;DS ROPA;1;100;;
15;8/4/2026;SEGUNDA;BODEGA DANILOS ;CAMPAMENTO OLANCHO-DS;DS HOGAR;1;50;;
15;8/4/2026;SEGUNDA;BODEGA DANILOS ;CATACAMAS-DS;DS HOGAR;1;40;;
15;8/4/2026;SEGUNDA;BODEGA DANILOS ;CUCUYAGUA-DS;DS HOGAR;1;50;;
15;8/4/2026;SEGUNDA;BODEGA DANILOS ;EL NEGRITO, YORO-DS;DS HOGAR;1;5;;
15;8/4/2026;SEGUNDA;BODEGA DANILOS ;GUAYMACA-DS;DS HOGAR;1;45;;
15;8/4/2026;SEGUNDA;BODEGA DANILOS ;GUAYMACA-DS;DS ROPA;1;152;;
15;8/4/2026;SEGUNDA;BODEGA DANILOS ;LA CEIBA-DS;DS ROPA;2;157;;
15;8/4/2026;SEGUNDA;BODEGA DANILOS ;LA LIBERTAD-DS;DS HOGAR;1;37;;
15;8/4/2026;SEGUNDA;BODEGA DANILOS ;LA VITRINA INTIBUCA;DS ROPA;5;720;;
15;8/4/2026;SEGUNDA;BODEGA DANILOS ;LA VITRINA, MEGATIENDA;DS HOGAR;1;5;;
15;8/4/2026;SEGUNDA;BODEGA DANILOS ;LA VITRINA, MEGATIENDA;DS ROPA;3;757;;
15;8/4/2026;SEGUNDA;BODEGA DANILOS ;LA VITRINA, TOCOA;DS HOGAR;3;15;;
15;8/4/2026;SEGUNDA;BODEGA DANILOS ;LA VITRINA, TOCOA;DS ROPA;1;75;;
15;8/4/2026;SEGUNDA;BODEGA DANILOS ;LA VITRINA-EL PARAISO;DS HOGAR;1;5;;
15;8/4/2026;SEGUNDA;BODEGA DANILOS ;LA VITRINA-EL PARAISO;DS ROPA;1;113;;
15;8/4/2026;SEGUNDA;BODEGA DANILOS ;LA VITRINA-LA LABOR OCOTEPEQUE;DS HOGAR;3;74;;
15;8/4/2026;SEGUNDA;BODEGA DANILOS ;LA VITRINA-LA LABOR OCOTEPEQUE;DS ROPA;2;474;;
15;8/4/2026;SEGUNDA;BODEGA DANILOS ;LA VITRINA-PEÑA BLANCA;DS HOGAR;3;61;;
15;8/4/2026;SEGUNDA;BODEGA DANILOS ;LA VITRINA-PEÑA BLANCA;DS ROPA;3;462;;
15;8/4/2026;SEGUNDA;BODEGA DANILOS ;LA VITRINA-SABA;DS HOGAR;1;45;;
15;8/4/2026;SEGUNDA;BODEGA DANILOS ;LA VITRINA-SAN ESTEBAN;DS HOGAR;3;71;;
15;8/4/2026;SEGUNDA;BODEGA DANILOS ;LA VITRINA-SAN ESTEBAN;DS INTERIOR;1;8;;
15;8/4/2026;SEGUNDA;BODEGA DANILOS ;LA VITRINA-SAN ESTEBAN;DS ROPA;3;303;;
15;8/4/2026;SEGUNDA;BODEGA DANILOS ;LA VITRINA-TALANGA ;DS HOGAR;2;41;;
15;8/4/2026;SEGUNDA;BODEGA DANILOS ;LA VITRINA-TRINIDAD;DS HOGAR;1;10;;
15;8/4/2026;SEGUNDA;BODEGA DANILOS ;LEPAERA-DS;DS HOGAR;3;60;;
15;8/4/2026;SEGUNDA;BODEGA DANILOS ;LEPAERA-DS;DS ROPA;1;345;;
15;8/4/2026;SEGUNDA;BODEGA DANILOS ;MEGACARPA EL PROGRESO-DS;DS HOGAR;1;6;;
15;8/4/2026;SEGUNDA;BODEGA DANILOS ;OLANCHITO-DS;DS HOGAR;1;40;;
15;8/4/2026;SEGUNDA;BODEGA DANILOS ;OLANCHITO-DS;DS ROPA;1;78;;
15;8/4/2026;SEGUNDA;BODEGA DANILOS ;RIO LINDO, LA  VITRINA;DS HOGAR;1;51;;
15;8/4/2026;SEGUNDA;BODEGA DANILOS ;RIO LINDO, LA  VITRINA;DS ROPA;1;44;;
15;8/4/2026;SEGUNDA;BODEGA DANILOS ;SAN FRANCISCO-DS;DS HOGAR;1;36;;
15;8/4/2026;SEGUNDA;BODEGA DANILOS ;SAN MARCOS OCOTEPEQUE, LA VITR;DS HOGAR;2;54;;
15;8/4/2026;SEGUNDA;BODEGA DANILOS ;SAN MARCOS OCOTEPEQUE, LA VITR;DS INTERIOR;1;2;;
15;8/4/2026;SEGUNDA;BODEGA DANILOS ;SAN MARCOS OCOTEPEQUE, LA VITR;DS ROPA;1;272;;
15;8/4/2026;SEGUNDA;BODEGA DANILOS ;SANTA RITA, COPAN -DS;DS HOGAR;2;48;;
15;8/4/2026;SEGUNDA;BODEGA DANILOS ;YORO-DS;DS HOGAR;1;40;;
15;8/4/2026;SEGUNDA;BODEGA DANILOS ;YORO-DS;DS ROPA;1;121;;
15;9/4/2026;SEGUNDA;BODEGA DANILOS ;CAMPAMENTO OLANCHO-DS;DS HOGAR;3;140;;
15;9/4/2026;SEGUNDA;BODEGA DANILOS ;CAMPAMENTO OLANCHO-DS;DS ROPA;3;264;;
15;9/4/2026;SEGUNDA;BODEGA DANILOS ;CUCUYAGUA-DS;DS HOGAR;1;45;;
15;9/4/2026;SEGUNDA;BODEGA DANILOS ;CUCUYAGUA-DS;DS ROPA;1;32;;
15;9/4/2026;SEGUNDA;BODEGA DANILOS ;GRACIAS, LEMPIRA-DS;DS HOGAR;1;40;;
15;9/4/2026;SEGUNDA;BODEGA DANILOS ;GUAYMACA-DS;DS HOGAR;8;126;;
15;9/4/2026;SEGUNDA;BODEGA DANILOS ;GUAYMACA-DS;DS ROPA;3;252;;
15;9/4/2026;SEGUNDA;BODEGA DANILOS ;LA CEIBA-DS;DS INTERIOR;1;17;;
15;9/4/2026;SEGUNDA;BODEGA DANILOS ;LA CEIBA-DS;DS ROPA;4;507;;
15;9/4/2026;SEGUNDA;BODEGA DANILOS ;LA VITRINA INTIBUCA;DS ROPA;1;52;;
15;9/4/2026;SEGUNDA;BODEGA DANILOS ;LA VITRINA, TOCOA;DS HOGAR;2;54;;
15;9/4/2026;SEGUNDA;BODEGA DANILOS ;LA VITRINA-EL PARAISO;DS HOGAR;1;25;;
15;9/4/2026;SEGUNDA;BODEGA DANILOS ;LA VITRINA-EL PARAISO;DS ROPA;3;331;;
15;9/4/2026;SEGUNDA;BODEGA DANILOS ;LA VITRINA-LA LABOR OCOTEPEQUE;DS HOGAR;8;235;;
15;9/4/2026;SEGUNDA;BODEGA DANILOS ;LA VITRINA-LA LABOR OCOTEPEQUE;DS ROPA;6;1,132;;
15;9/4/2026;SEGUNDA;BODEGA DANILOS ;LA VITRINA-PEÑA BLANCA;DS HOGAR;1;33;;
15;9/4/2026;SEGUNDA;BODEGA DANILOS ;LA VITRINA-PEÑA BLANCA;DS ROPA;3;339;;
15;9/4/2026;SEGUNDA;BODEGA DANILOS ;LA VITRINA-SAN ESTEBAN;DS HOGAR;1;40;;
15;9/4/2026;SEGUNDA;BODEGA DANILOS ;LEPAERA-DS;DS HOGAR;1;35;;
15;9/4/2026;SEGUNDA;BODEGA DANILOS ;LEPAERA-DS;DS ROPA;1;50;;
15;9/4/2026;SEGUNDA;BODEGA DANILOS ;MEGACARPA EL PROGRESO-DS;DS HOGAR;1;21;;
15;9/4/2026;SEGUNDA;BODEGA DANILOS ;MEGACARPA EL PROGRESO-DS;DS ROPA;2;119;;
15;9/4/2026;SEGUNDA;BODEGA DANILOS ;OLANCHITO-DS;DS HOGAR;1;5;;
15;9/4/2026;SEGUNDA;BODEGA DANILOS ;RIO LINDO, LA  VITRINA;DS ROPA;3;562;;
15;9/4/2026;SEGUNDA;BODEGA DANILOS ;SAN FRANCISCO-DS;DS ROPA;1;251;;
15;9/4/2026;SEGUNDA;BODEGA DANILOS ;SONAGUERA-DS;DS ROPA;2;110;;
15;9/4/2026;SEGUNDA;BODEGA DANILOS ;YORO-DS;DS HOGAR;1;6;;
15;10/4/2026;SEGUNDA;BODEGA DANILOS ;CAMPAMENTO OLANCHO-DS;DS HOGAR;8;155;;
15;10/4/2026;SEGUNDA;BODEGA DANILOS ;CAMPAMENTO OLANCHO-DS;DS ROPA;6;399;;
15;10/4/2026;SEGUNDA;BODEGA DANILOS ;CATACAMAS-DS;DS HOGAR;2;59;;
15;10/4/2026;SEGUNDA;BODEGA DANILOS ;CATACAMAS-DS;DS ROPA;2;277;;
15;10/4/2026;SEGUNDA;BODEGA DANILOS ;CUCUYAGUA-DS;DS HOGAR;1;6;;
15;10/4/2026;SEGUNDA;BODEGA DANILOS ;CUCUYAGUA-DS;DS ROPA;3;380;;
15;10/4/2026;SEGUNDA;BODEGA DANILOS ;EL NEGRITO, YORO-DS;DS HOGAR;1;10;;
15;10/4/2026;SEGUNDA;BODEGA DANILOS ;GUAYMACA-DS;DS HOGAR;1;25;;
15;10/4/2026;SEGUNDA;BODEGA DANILOS ;GUAYMACA-DS;DS ROPA;2;103;;
15;10/4/2026;SEGUNDA;BODEGA DANILOS ;LA CEIBA-DS;DS ROPA;1;156;;
15;10/4/2026;SEGUNDA;BODEGA DANILOS ;LA LIBERTAD-DS;DS HOGAR;3;111;;
15;10/4/2026;SEGUNDA;BODEGA DANILOS ;LA VITRINA INTIBUCA;DS ROPA;1;200;;
15;10/4/2026;SEGUNDA;BODEGA DANILOS ;LA VITRINA-EL PARAISO;DS ROPA;1;150;;
15;10/4/2026;SEGUNDA;BODEGA DANILOS ;LA VITRINA-LA LABOR OCOTEPEQUE;DS HOGAR;1;43;;
15;10/4/2026;SEGUNDA;BODEGA DANILOS ;LA VITRINA-LA LABOR OCOTEPEQUE;DS ROPA;1;58;;
15;10/4/2026;SEGUNDA;BODEGA DANILOS ;LA VITRINA-PEÑA BLANCA;DS HOGAR;2;48;;
15;10/4/2026;SEGUNDA;BODEGA DANILOS ;LA VITRINA-PEÑA BLANCA;DS ROPA;2;121;;
15;10/4/2026;SEGUNDA;BODEGA DANILOS ;LA VITRINA-SABA;DS HOGAR;2;14;;
15;10/4/2026;SEGUNDA;BODEGA DANILOS ;LA VITRINA-SABA;DS ROPA;7;692;;
15;10/4/2026;SEGUNDA;BODEGA DANILOS ;LA VITRINA-SAN ESTEBAN;DS HOGAR;1;40;;
15;10/4/2026;SEGUNDA;BODEGA DANILOS ;LA VITRINA-SAN ESTEBAN;DS ROPA;1;151;;
15;10/4/2026;SEGUNDA;BODEGA DANILOS ;LA VITRINA-TALANGA ;DS HOGAR;2;60;;
15;10/4/2026;SEGUNDA;BODEGA DANILOS ;LA VITRINA-TALANGA ;DS ROPA;1;29;;
15;10/4/2026;SEGUNDA;BODEGA DANILOS ;LEPAERA-DS;DS HOGAR;3;66;;
15;10/4/2026;SEGUNDA;BODEGA DANILOS ;LEPAERA-DS;DS ROPA;3;263;;
15;10/4/2026;SEGUNDA;BODEGA DANILOS ;OLANCHITO-DS;DS HOGAR;2;50;;
15;10/4/2026;SEGUNDA;BODEGA DANILOS ;OLANCHITO-DS;DS ROPA;2;160;;
15;10/4/2026;SEGUNDA;BODEGA DANILOS ;RIO LINDO, LA  VITRINA;DS ROPA;3;525;;
15;10/4/2026;SEGUNDA;BODEGA DANILOS ;SAN FRANCISCO-DS;DS HOGAR;1;49;;
15;10/4/2026;SEGUNDA;BODEGA DANILOS ;SAN FRANCISCO-DS;DS ROPA;2;302;;
15;10/4/2026;SEGUNDA;BODEGA DANILOS ;SAN MARCOS OCOTEPEQUE, LA VITR;DS HOGAR;1;60;;
15;10/4/2026;SEGUNDA;BODEGA DANILOS ;SAN MARCOS OCOTEPEQUE, LA VITR;DS ROPA;2;70;;
15;10/4/2026;SEGUNDA;BODEGA DANILOS ;SONAGUERA-DS;DS ROPA;2;141;;
15;10/4/2026;SEGUNDA;BODEGA DANILOS ;YORO-DS;DS HOGAR;2;53;;
15;10/4/2026;SEGUNDA;BODEGA DANILOS ;YORO-DS;DS ROPA;1;45;;
15;11/4/2026;SEGUNDA;BODEGA DANILOS ;CAMPAMENTO OLANCHO-DS;DS HOGAR;3;198;;
15;11/4/2026;SEGUNDA;BODEGA DANILOS ;CAMPAMENTO OLANCHO-DS;DS ROPA;3;504;;
15;11/4/2026;SEGUNDA;BODEGA DANILOS ;CATACAMAS-DS;DS ROPA;3;141;;
15;11/4/2026;SEGUNDA;BODEGA DANILOS ;CUCUYAGUA-DS;DS ROPA;4;381;;
15;11/4/2026;SEGUNDA;BODEGA DANILOS ;GRACIAS, LEMPIRA-DS;DS HOGAR;2;104;;
15;11/4/2026;SEGUNDA;BODEGA DANILOS ;GUAYMACA-DS;DS ROPA;5;161;;
15;11/4/2026;SEGUNDA;BODEGA DANILOS ;LA LIBERTAD-DS;DS ROPA;6;292;;
15;11/4/2026;SEGUNDA;BODEGA DANILOS ;LA VITRINA INTIBUCA;DS ROPA;1;20;;
15;11/4/2026;SEGUNDA;BODEGA DANILOS ;LA VITRINA, MEGATIENDA;DS ROPA;2;214;;
15;11/4/2026;SEGUNDA;BODEGA DANILOS ;LA VITRINA, TOCOA;DS HOGAR;1;45;;
15;11/4/2026;SEGUNDA;BODEGA DANILOS ;LA VITRINA, TOCOA;DS ROPA;2;189;;
15;11/4/2026;SEGUNDA;BODEGA DANILOS ;LA VITRINA-EL PARAISO;DS ROPA;2;89;;
15;11/4/2026;SEGUNDA;BODEGA DANILOS ;LA VITRINA-LA LABOR OCOTEPEQUE;DS HOGAR;2;53;;
15;11/4/2026;SEGUNDA;BODEGA DANILOS ;LA VITRINA-LA LABOR OCOTEPEQUE;DS ROPA;3;54;;
15;11/4/2026;SEGUNDA;BODEGA DANILOS ;LA VITRINA-PEÑA BLANCA;DS HOGAR;1;40;;
15;11/4/2026;SEGUNDA;BODEGA DANILOS ;LA VITRINA-PEÑA BLANCA;DS ROPA;4;463;;
15;11/4/2026;SEGUNDA;BODEGA DANILOS ;LA VITRINA-SABA;DS HOGAR;9;165;;
15;11/4/2026;SEGUNDA;BODEGA DANILOS ;LA VITRINA-SAN ESTEBAN;DS HOGAR;1;6;;
15;11/4/2026;SEGUNDA;BODEGA DANILOS ;LA VITRINA-SAN ESTEBAN;DS ROPA;2;113;;
15;11/4/2026;SEGUNDA;BODEGA DANILOS ;LA VITRINA-TALANGA ;DS ROPA;2;120;;
15;11/4/2026;SEGUNDA;BODEGA DANILOS ;LA VITRINA-TRINIDAD;DS ROPA;2;26;;
15;11/4/2026;SEGUNDA;BODEGA DANILOS ;LEPAERA-DS;DS ROPA;2;115;;
15;11/4/2026;SEGUNDA;BODEGA DANILOS ;MEGACARPA EL PROGRESO-DS;DS ROPA;2;120;;
15;11/4/2026;SEGUNDA;BODEGA DANILOS ;OLANCHITO-DS;DS ROPA;5;463;;
15;11/4/2026;SEGUNDA;BODEGA DANILOS ;RIO LINDO, LA  VITRINA;DS ROPA;2;75;;
15;11/4/2026;SEGUNDA;BODEGA DANILOS ;SAN FRANCISCO-DS;DS HOGAR;1;6;;
15;11/4/2026;SEGUNDA;BODEGA DANILOS ;SAN FRANCISCO-DS;DS ROPA;2;194;;
15;11/4/2026;SEGUNDA;BODEGA DANILOS ;SAN MARCOS OCOTEPEQUE, LA VITR;DS ROPA;2;33;;
15;11/4/2026;SEGUNDA;BODEGA DANILOS ;SANTA RITA, COPAN -DS;DS ROPA;1;6;;
15;11/4/2026;SEGUNDA;BODEGA DANILOS ;SONAGUERA-DS;DS HOGAR;6;234;;
15;11/4/2026;SEGUNDA;BODEGA DANILOS ;SONAGUERA-DS;DS ROPA;1;50;;
15;11/4/2026;SEGUNDA;BODEGA DANILOS ;YORO-DS;DS HOGAR;1;33;;
15;11/4/2026;SEGUNDA;BODEGA DANILOS ;YORO-DS;DS ROPA;3;108;;
16;13/4/2025;SEGUNDA;BODEGA DANILOS ;CAMPAMENTO OLANCHO-DS;DS ACCESORIOS;;;0;7
16;13/4/2025;SEGUNDA;BODEGA DANILOS ;CAMPAMENTO OLANCHO-DS;DS CALZADO;;;1;15
16;13/4/2025;SEGUNDA;BODEGA DANILOS ;CAMPAMENTO OLANCHO-DS;DS HOGAR;;;2;18
16;13/4/2025;SEGUNDA;BODEGA DANILOS ;CAMPAMENTO OLANCHO-DS;DS INTERIOR;;;3;206
16;13/4/2025;SEGUNDA;BODEGA DANILOS ;CAMPAMENTO OLANCHO-DS;DS ROPA;;;5;306
16;13/4/2025;SEGUNDA;BODEGA DANILOS ;CAMPAMENTO OLANCHO-DS;DS VERANO;;;0;1
16;13/4/2025;SEGUNDA;BODEGA DANILOS ;CUCUYAGUA-DS;DS ACCESORIOS;;;0;7
16;13/4/2025;SEGUNDA;BODEGA DANILOS ;CUCUYAGUA-DS;DS CALZADO;;;1;15
16;13/4/2025;SEGUNDA;BODEGA DANILOS ;CUCUYAGUA-DS;DS HOGAR;;;1;18
16;13/4/2025;SEGUNDA;BODEGA DANILOS ;CUCUYAGUA-DS;DS INTERIOR;;;1;194
16;13/4/2025;SEGUNDA;BODEGA DANILOS ;CUCUYAGUA-DS;DS ROPA;;;4;411
16;13/4/2025;SEGUNDA;BODEGA DANILOS ;CUCUYAGUA-DS;DS VERANO;;;0;2
16;13/4/2025;SEGUNDA;BODEGA DANILOS ;GUAYMACA-DS;DS ACCESORIOS;;;0;3
16;13/4/2025;SEGUNDA;BODEGA DANILOS ;GUAYMACA-DS;DS CALZADO;;;1;15
16;13/4/2025;SEGUNDA;BODEGA DANILOS ;GUAYMACA-DS;DS HOGAR;;;1;17
16;13/4/2025;SEGUNDA;BODEGA DANILOS ;GUAYMACA-DS;DS INTERIOR;;;2;209
16;13/4/2025;SEGUNDA;BODEGA DANILOS ;GUAYMACA-DS;DS ROPA;;;6;410
16;13/4/2025;SEGUNDA;BODEGA DANILOS ;GUAYMACA-DS;DS VERANO;;;0;1
16;13/4/2025;SEGUNDA;BODEGA DANILOS ;LA CEIBA-DS;DS ACCESORIOS;;;0;5
16;13/4/2025;SEGUNDA;BODEGA DANILOS ;LA CEIBA-DS;DS CALZADO;;;1;15
16;13/4/2025;SEGUNDA;BODEGA DANILOS ;LA CEIBA-DS;DS HOGAR;;;1;16
16;13/4/2025;SEGUNDA;BODEGA DANILOS ;LA CEIBA-DS;DS INTERIOR;;;1;161
16;13/4/2025;SEGUNDA;BODEGA DANILOS ;LA CEIBA-DS;DS ROPA;;;4;414
16;13/4/2025;SEGUNDA;BODEGA DANILOS ;LA CEIBA-DS;DS VERANO;;;0;2
16;13/4/2025;SEGUNDA;BODEGA DANILOS ;LA VITRINA-LA LABOR OCOTEPEQUE;DS ACCESORIOS;;;0;7
16;13/4/2025;SEGUNDA;BODEGA DANILOS ;LA VITRINA-LA LABOR OCOTEPEQUE;DS CALZADO;;;1;15
16;13/4/2025;SEGUNDA;BODEGA DANILOS ;LA VITRINA-LA LABOR OCOTEPEQUE;DS HOGAR;;;1;18
16;13/4/2025;SEGUNDA;BODEGA DANILOS ;LA VITRINA-LA LABOR OCOTEPEQUE;DS INTERIOR;;;1;197
16;13/4/2025;SEGUNDA;BODEGA DANILOS ;LA VITRINA-LA LABOR OCOTEPEQUE;DS ROPA;;;5;429
16;13/4/2025;SEGUNDA;BODEGA DANILOS ;LA VITRINA-LA LABOR OCOTEPEQUE;DS VERANO;;;1;4
16;13/4/2025;SEGUNDA;BODEGA DANILOS ;LA VITRINA-SAN ESTEBAN;DS ACCESORIOS;;;0;5
16;13/4/2025;SEGUNDA;BODEGA DANILOS ;LA VITRINA-SAN ESTEBAN;DS CALZADO;;;1;14
16;13/4/2025;SEGUNDA;BODEGA DANILOS ;LA VITRINA-SAN ESTEBAN;DS HOGAR;;;0;17
16;13/4/2025;SEGUNDA;BODEGA DANILOS ;LA VITRINA-SAN ESTEBAN;DS INTERIOR;;;1;193
16;13/4/2025;SEGUNDA;BODEGA DANILOS ;LA VITRINA-SAN ESTEBAN;DS ROPA;;;5;298
16;13/4/2025;SEGUNDA;BODEGA DANILOS ;LA VITRINA-SAN ESTEBAN;DS VERANO;;;0;1
16;13/4/2025;SEGUNDA;BODEGA DANILOS ;LA VITRINA-TALANGA ;DS ACCESORIOS;;;0;4
16;13/4/2025;SEGUNDA;BODEGA DANILOS ;LA VITRINA-TALANGA ;DS CALZADO;;;1;15
16;13/4/2025;SEGUNDA;BODEGA DANILOS ;LA VITRINA-TALANGA ;DS HOGAR;;;1;16
16;13/4/2025;SEGUNDA;BODEGA DANILOS ;LA VITRINA-TALANGA ;DS INTERIOR;;;2;196
16;13/4/2025;SEGUNDA;BODEGA DANILOS ;LA VITRINA-TALANGA ;DS ROPA;;;6;416
16;13/4/2025;SEGUNDA;BODEGA DANILOS ;LA VITRINA-TALANGA ;DS VERANO;;;0;2
16;13/4/2025;SEGUNDA;BODEGA DANILOS ;LEPAERA-DS;DS ACCESORIOS;;;0;4
16;13/4/2025;SEGUNDA;BODEGA DANILOS ;LEPAERA-DS;DS CALZADO;;;1;14
16;13/4/2025;SEGUNDA;BODEGA DANILOS ;LEPAERA-DS;DS HOGAR;;;1;15
16;13/4/2025;SEGUNDA;BODEGA DANILOS ;LEPAERA-DS;DS INTERIOR;;;1;197
16;13/4/2025;SEGUNDA;BODEGA DANILOS ;LEPAERA-DS;DS ROPA;;;4;299
16;13/4/2025;SEGUNDA;BODEGA DANILOS ;LEPAERA-DS;DS VERANO;;;0;1
16;13/4/2025;SEGUNDA;BODEGA DANILOS ;OLANCHITO-DS;DS ACCESORIOS;;;0;7
16;13/4/2025;SEGUNDA;BODEGA DANILOS ;OLANCHITO-DS;DS CALZADO;;;1;15
16;13/4/2025;SEGUNDA;BODEGA DANILOS ;OLANCHITO-DS;DS HOGAR;;;2;18
16;13/4/2025;SEGUNDA;BODEGA DANILOS ;OLANCHITO-DS;DS INTERIOR;;;2;200
16;13/4/2025;SEGUNDA;BODEGA DANILOS ;OLANCHITO-DS;DS ROPA;;;6;424
16;13/4/2025;SEGUNDA;BODEGA DANILOS ;OLANCHITO-DS;DS VERANO;;;0;2
16;13/4/2025;SEGUNDA;BODEGA DANILOS ;SANTA RITA, COPAN -DS;DS ACCESORIOS;;;0;5
16;13/4/2025;SEGUNDA;BODEGA DANILOS ;SANTA RITA, COPAN -DS;DS CALZADO;;;1;14
16;13/4/2025;SEGUNDA;BODEGA DANILOS ;SANTA RITA, COPAN -DS;DS HOGAR;;;1;16
16;13/4/2025;SEGUNDA;BODEGA DANILOS ;SANTA RITA, COPAN -DS;DS INTERIOR;;;1;185
16;13/4/2025;SEGUNDA;BODEGA DANILOS ;SANTA RITA, COPAN -DS;DS ROPA;;;4;300
16;13/4/2025;SEGUNDA;BODEGA DANILOS ;SANTA RITA, COPAN -DS;DS VERANO;;;1;2
16;13/4/2025;SEGUNDA;BODEGA DANILOS ;YORO-DS;DS ACCESORIOS;;;0;4
16;13/4/2025;SEGUNDA;BODEGA DANILOS ;YORO-DS;DS CALZADO;;;1;13
16;13/4/2025;SEGUNDA;BODEGA DANILOS ;YORO-DS;DS HOGAR;;;0;15
16;13/4/2025;SEGUNDA;BODEGA DANILOS ;YORO-DS;DS INTERIOR;;;1;229
16;13/4/2025;SEGUNDA;BODEGA DANILOS ;YORO-DS;DS ROPA;;;4;304
16;13/4/2025;SEGUNDA;BODEGA DANILOS ;YORO-DS;DS VERANO;;;0;1
16;14/4/2025;SEGUNDA;BODEGA DANILOS ;CAMPAMENTO OLANCHO-DS;DS HOGAR;;;2;172
16;14/4/2025;SEGUNDA;BODEGA DANILOS ;CUCUYAGUA-DS;DS HOGAR;;;5;256
16;14/4/2025;SEGUNDA;BODEGA DANILOS ;CUCUYAGUA-DS;DS ROPA;;;3;589
16;14/4/2025;SEGUNDA;BODEGA DANILOS ;EL NEGRITO, YORO-DS;DS ROPA;;;2;304
16;14/4/2025;SEGUNDA;BODEGA DANILOS ;GUAYMACA-DS;DS ROPA;;;1;135
16;14/4/2025;SEGUNDA;BODEGA DANILOS ;LEPAERA-DS;DS ROPA;;;2;233
16;14/4/2025;SEGUNDA;BODEGA DANILOS ;SANTA RITA, COPAN -DS;DS INTERIOR;;;1;73
16;14/4/2025;SEGUNDA;BODEGA DANILOS ;SANTA RITA, COPAN -DS;DS ROPA;;;4;565
16;15/4/2025;SEGUNDA;BODEGA DANILOS ;CAMPAMENTO OLANCHO-DS;DS HOGAR;;;2;109
16;15/4/2025;SEGUNDA;BODEGA DANILOS ;CATACAMAS-DS;DS ROPA;;;1;25
16;15/4/2025;SEGUNDA;BODEGA DANILOS ;CUCUYAGUA-DS;DS HOGAR;;;2;53
16;15/4/2025;SEGUNDA;BODEGA DANILOS ;GRACIAS, LEMPIRA-DS;DS ACCESORIOS;;;0;2
16;15/4/2025;SEGUNDA;BODEGA DANILOS ;GRACIAS, LEMPIRA-DS;DS INTERIOR;;;1;3
16;15/4/2025;SEGUNDA;BODEGA DANILOS ;GRACIAS, LEMPIRA-DS;DS ROPA;;;2;462
16;15/4/2025;SEGUNDA;BODEGA DANILOS ;GRACIAS, LEMPIRA-DS;DS VERANO;;;0;2
16;15/4/2025;SEGUNDA;BODEGA DANILOS ;GUAYMACA-DS;DS INTERIOR;;;2;89
16;15/4/2025;SEGUNDA;BODEGA DANILOS ;GUAYMACA-DS;DS ROPA;;;2;576
16;15/4/2025;SEGUNDA;BODEGA DANILOS ;LA CEIBA-DS;DS ACCESORIOS;;;0;7
16;15/4/2025;SEGUNDA;BODEGA DANILOS ;LA CEIBA-DS;DS HOGAR;;;2;97
16;15/4/2025;SEGUNDA;BODEGA DANILOS ;LA CEIBA-DS;DS INTERIOR;;;0;45
16;15/4/2025;SEGUNDA;BODEGA DANILOS ;LA CEIBA-DS;DS ROPA;;;3;532
16;15/4/2025;SEGUNDA;BODEGA DANILOS ;LA CEIBA-DS;DS VERANO;;;0;6
16;15/4/2025;SEGUNDA;BODEGA DANILOS ;LA VITRINA-EL PARAISO;DS INTERIOR;;;1;6
16;15/4/2025;SEGUNDA;BODEGA DANILOS ;LA VITRINA-EL PARAISO;DS ROPA;;;3;678
16;15/4/2025;SEGUNDA;BODEGA DANILOS ;LA VITRINA-LA LABOR OCOTEPEQUE;DS INTERIOR;;;0;33
16;15/4/2025;SEGUNDA;BODEGA DANILOS ;LA VITRINA-LA LABOR OCOTEPEQUE;DS ROPA;;;4;866
16;15/4/2025;SEGUNDA;BODEGA DANILOS ;LA VITRINA-LA LABOR OCOTEPEQUE;DS VERANO;;;1;55
16;15/4/2025;SEGUNDA;BODEGA DANILOS ;LA VITRINA-TALANGA ;DS ROPA;;;1;34
16;15/4/2025;SEGUNDA;BODEGA DANILOS ;LEPAERA-DS;DS ROPA;;;3;178
16;15/4/2025;SEGUNDA;BODEGA DANILOS ;MEGACARPA EL PROGRESO-DS;DS ROPA;;;1;143
16;15/4/2025;SEGUNDA;BODEGA DANILOS ;OLANCHITO-DS;DS HOGAR;;;3;193
16;16/4/2025;SEGUNDA;BODEGA DANILOS ;CAMPAMENTO OLANCHO-DS;DS INTERIOR;;;1;4
16;16/4/2025;SEGUNDA;BODEGA DANILOS ;CAMPAMENTO OLANCHO-DS;DS ROPA;;;2;138
16;16/4/2025;SEGUNDA;BODEGA DANILOS ;CUCUYAGUA-DS;DS HOGAR;;;3;50
16;16/4/2025;SEGUNDA;BODEGA DANILOS ;GRACIAS, LEMPIRA-DS;DS HOGAR;;;1;64
16;16/4/2025;SEGUNDA;BODEGA DANILOS ;GRACIAS, LEMPIRA-DS;DS INTERIOR;;;4;63
16;16/4/2025;SEGUNDA;BODEGA DANILOS ;GRACIAS, LEMPIRA-DS;DS ROPA;;;5;937
16;16/4/2025;SEGUNDA;BODEGA DANILOS ;GUAYMACA-DS;DS HOGAR;;;1;5
16;16/4/2025;SEGUNDA;BODEGA DANILOS ;GUAYMACA-DS;DS ROPA;;;1;42
16;16/4/2025;SEGUNDA;BODEGA DANILOS ;LA CEIBA-DS;DS HOGAR;;;3;186
16;16/4/2025;SEGUNDA;BODEGA DANILOS ;LA CEIBA-DS;DS ROPA;;;1;60
16;16/4/2025;SEGUNDA;BODEGA DANILOS ;LA VITRINA-EL PARAISO;DS HOGAR;;;1;25
16;16/4/2025;SEGUNDA;BODEGA DANILOS ;LA VITRINA-EL PARAISO;DS INTERIOR;;;2;56
16;16/4/2025;SEGUNDA;BODEGA DANILOS ;LA VITRINA-EL PARAISO;DS ROPA;;;3;525
16;16/4/2025;SEGUNDA;BODEGA DANILOS ;LA VITRINA-SAN ESTEBAN;DS HOGAR;;;1;5
16;16/4/2025;SEGUNDA;BODEGA DANILOS ;LA VITRINA-TALANGA ;DS ACCESORIOS;;;0;8
16;16/4/2025;SEGUNDA;BODEGA DANILOS ;LA VITRINA-TALANGA ;DS INTERIOR;;;0;7
16;16/4/2025;SEGUNDA;BODEGA DANILOS ;LA VITRINA-TALANGA ;DS ROPA;;;0;248
16;16/4/2025;SEGUNDA;BODEGA DANILOS ;MEGACARPA EL PROGRESO-DS;DS BEBE;;;0;1
16;16/4/2025;SEGUNDA;BODEGA DANILOS ;MEGACARPA EL PROGRESO-DS;DS HOGAR;;;1;117
16;16/4/2025;SEGUNDA;BODEGA DANILOS ;MEGACARPA EL PROGRESO-DS;DS INTERIOR;;;1;13
16;16/4/2025;SEGUNDA;BODEGA DANILOS ;MEGACARPA EL PROGRESO-DS;DS ROPA;;;5;676
16;16/4/2025;SEGUNDA;BODEGA DANILOS ;OLANCHITO-DS;DS HOGAR;;;1;5
16;16/4/2025;SEGUNDA;BODEGA DANILOS ;OLANCHITO-DS;DS ROPA;;;1;132
16;16/4/2025;SEGUNDA;BODEGA DANILOS ;SANTA RITA, COPAN -DS;DS ROPA;;;1;40
16;16/4/2025;SEGUNDA;BODEGA DANILOS ;YORO-DS;DS HOGAR;;;0;10
16;16/4/2025;SEGUNDA;BODEGA DANILOS ;YORO-DS;DS JUGUETERIA;;;0;8
16;16/4/2025;SEGUNDA;BODEGA DANILOS ;YORO-DS;DS ROPA;;;0;1
16;17/4/2025;SEGUNDA;BODEGA DANILOS ;GRACIAS, LEMPIRA-DS;DS ACCESORIOS;;;1;2
16;17/4/2025;SEGUNDA;BODEGA DANILOS ;GRACIAS, LEMPIRA-DS;DS HOGAR;;;1;17
16;17/4/2025;SEGUNDA;BODEGA DANILOS ;GRACIAS, LEMPIRA-DS;DS INTERIOR;;;1;9
16;17/4/2025;SEGUNDA;BODEGA DANILOS ;GRACIAS, LEMPIRA-DS;DS JUGUETERIA;;;0;6
16;17/4/2025;SEGUNDA;BODEGA DANILOS ;GRACIAS, LEMPIRA-DS;DS ROPA;;;4;856
16;17/4/2025;SEGUNDA;BODEGA DANILOS ;GRACIAS, LEMPIRA-DS;DS VERANO;;;0;2
16;17/4/2025;SEGUNDA;BODEGA DANILOS ;LA VITRINA-EL PARAISO;DS HOGAR;;;1;20
16;17/4/2025;SEGUNDA;BODEGA DANILOS ;LA VITRINA-EL PARAISO;DS INTERIOR;;;2;28
16;17/4/2025;SEGUNDA;BODEGA DANILOS ;LA VITRINA-EL PARAISO;DS JUGUETERIA;;;0;7
16;17/4/2025;SEGUNDA;BODEGA DANILOS ;LA VITRINA-EL PARAISO;DS ROPA;;;5;953
16;17/4/2025;SEGUNDA;BODEGA DANILOS ;LA VITRINA-EL PARAISO;DS VERANO;;;1;1
16;17/4/2025;SEGUNDA;BODEGA DANILOS ;LA VITRINA-LA LABOR OCOTEPEQUE;DS HOGAR;;;1;75
16;17/4/2025;SEGUNDA;BODEGA DANILOS ;OLANCHITO-DS;DS ROPA;;;1;222
16;17/4/2025;SEGUNDA;BODEGA DANILOS ;OLANCHITO-DS;DS VERANO;;;1;1
16;12/4/2026;SEGUNDA;BODEGA DANILOS ;CAMPAMENTO OLANCHO-DS;DS HOGAR;7;159;;
16;12/4/2026;SEGUNDA;BODEGA DANILOS ;CAMPAMENTO OLANCHO-DS;DS ROPA;3;710;;
16;12/4/2026;SEGUNDA;BODEGA DANILOS ;CATACAMAS-DS;DS ROPA;3;163;;
16;12/4/2026;SEGUNDA;BODEGA DANILOS ;CUCUYAGUA-DS;DS ROPA;2;207;;
16;12/4/2026;SEGUNDA;BODEGA DANILOS ;CUCUYAGUA-DS;DS VERANO;1;17;;
16;12/4/2026;SEGUNDA;BODEGA DANILOS ;EL NEGRITO, YORO-DS;DS HOGAR;1;7;;
16;12/4/2026;SEGUNDA;BODEGA DANILOS ;GRACIAS, LEMPIRA-DS;DS HOGAR;3;210;;
16;12/4/2026;SEGUNDA;BODEGA DANILOS ;GUAYMACA-DS;DS ROPA;4;232;;
16;12/4/2026;SEGUNDA;BODEGA DANILOS ;LA CEIBA-DS;DS ROPA;3;67;;
16;12/4/2026;SEGUNDA;BODEGA DANILOS ;LA LIBERTAD-DS;DS ROPA;1;26;;
16;12/4/2026;SEGUNDA;BODEGA DANILOS ;LA VITRINA INTIBUCA;DS HOGAR;1;8;;
16;12/4/2026;SEGUNDA;BODEGA DANILOS ;LA VITRINA INTIBUCA;DS ROPA;1;24;;
16;12/4/2026;SEGUNDA;BODEGA DANILOS ;LA VITRINA, MEGATIENDA;DS ROPA;4;282;;
16;12/4/2026;SEGUNDA;BODEGA DANILOS ;LA VITRINA, TOCOA;DS HOGAR;1;8;;
16;12/4/2026;SEGUNDA;BODEGA DANILOS ;LA VITRINA, TOCOA;DS ROPA;3;165;;
16;12/4/2026;SEGUNDA;BODEGA DANILOS ;LA VITRINA-EL PARAISO;DS ROPA;2;130;;
16;12/4/2026;SEGUNDA;BODEGA DANILOS ;LA VITRINA-LA LABOR OCOTEPEQUE;DS INTERIOR;1;7;;
16;12/4/2026;SEGUNDA;BODEGA DANILOS ;LA VITRINA-LA LABOR OCOTEPEQUE;DS ROPA;3;103;;
16;12/4/2026;SEGUNDA;BODEGA DANILOS ;LA VITRINA-PEÑA BLANCA;DS ROPA;3;246;;
16;12/4/2026;SEGUNDA;BODEGA DANILOS ;LA VITRINA-SABA;DS ROPA;2;107;;
16;12/4/2026;SEGUNDA;BODEGA DANILOS ;LA VITRINA-SAN ESTEBAN;DS HOGAR;4;40;;
16;12/4/2026;SEGUNDA;BODEGA DANILOS ;LA VITRINA-SAN ESTEBAN;DS ROPA;3;69;;
16;12/4/2026;SEGUNDA;BODEGA DANILOS ;LA VITRINA-TALANGA ;DS ROPA;6;196;;
16;12/4/2026;SEGUNDA;BODEGA DANILOS ;LA VITRINA-TRINIDAD;DS HOGAR;1;22;;
16;12/4/2026;SEGUNDA;BODEGA DANILOS ;LA VITRINA-TRINIDAD;DS ROPA;4;356;;
16;12/4/2026;SEGUNDA;BODEGA DANILOS ;LEPAERA-DS;DS HOGAR;1;32;;
16;12/4/2026;SEGUNDA;BODEGA DANILOS ;LEPAERA-DS;DS ROPA;2;88;;
16;12/4/2026;SEGUNDA;BODEGA DANILOS ;MEGACARPA EL PROGRESO-DS;DS HOGAR;1;21;;
16;12/4/2026;SEGUNDA;BODEGA DANILOS ;MEGACARPA EL PROGRESO-DS;DS ROPA;4;114;;
16;12/4/2026;SEGUNDA;BODEGA DANILOS ;OLANCHITO-DS;DS ROPA;3;88;;
16;12/4/2026;SEGUNDA;BODEGA DANILOS ;RIO LINDO, LA  VITRINA;DS HOGAR;1;8;;
16;12/4/2026;SEGUNDA;BODEGA DANILOS ;RIO LINDO, LA  VITRINA;DS ROPA;3;65;;
16;12/4/2026;SEGUNDA;BODEGA DANILOS ;SAN FRANCISCO-DS;DS HOGAR;1;43;;
16;12/4/2026;SEGUNDA;BODEGA DANILOS ;SAN FRANCISCO-DS;DS ROPA;3;59;;
16;12/4/2026;SEGUNDA;BODEGA DANILOS ;SAN MARCOS OCOTEPEQUE, LA VITR;DS HOGAR;2;30;;
16;12/4/2026;SEGUNDA;BODEGA DANILOS ;SAN MARCOS OCOTEPEQUE, LA VITR;DS ROPA;3;150;;
16;12/4/2026;SEGUNDA;BODEGA DANILOS ;SANTA RITA, COPAN -DS;DS ROPA;2;63;;
16;12/4/2026;SEGUNDA;BODEGA DANILOS ;SONAGUERA-DS;DS HOGAR;3;185;;
16;12/4/2026;SEGUNDA;BODEGA DANILOS ;SONAGUERA-DS;DS ROPA;5;435;;
16;12/4/2026;SEGUNDA;BODEGA DANILOS ;YORO-DS;DS ROPA;1;18;;
16;13/4/2026;SEGUNDA;BODEGA DANILOS ;CAMPAMENTO OLANCHO-DS;DS HOGAR;8;376;;
16;13/4/2026;SEGUNDA;BODEGA DANILOS ;CAMPAMENTO OLANCHO-DS;DS ROPA;3;156;;
16;13/4/2026;SEGUNDA;BODEGA DANILOS ;CATACAMAS-DS;DS ROPA;1;50;;
16;13/4/2026;SEGUNDA;BODEGA DANILOS ;CUCUYAGUA-DS;DS HOGAR;1;40;;
16;13/4/2026;SEGUNDA;BODEGA DANILOS ;CUCUYAGUA-DS;DS ROPA;2;130;;
16;13/4/2026;SEGUNDA;BODEGA DANILOS ;GUAYMACA-DS;DS ROPA;2;80;;
16;13/4/2026;SEGUNDA;BODEGA DANILOS ;LA CEIBA-DS;DS ROPA;1;50;;
16;13/4/2026;SEGUNDA;BODEGA DANILOS ;LA LIBERTAD-DS;DS ROPA;2;23;;
16;13/4/2026;SEGUNDA;BODEGA DANILOS ;LA VITRINA INTIBUCA;DS HOGAR;1;5;;
16;13/4/2026;SEGUNDA;BODEGA DANILOS ;LA VITRINA, MEGATIENDA;DS HOGAR;2;16;;
16;13/4/2026;SEGUNDA;BODEGA DANILOS ;LA VITRINA, TOCOA;DS INTERIOR;1;1;;
16;13/4/2026;SEGUNDA;BODEGA DANILOS ;LA VITRINA, TOCOA;DS ROPA;5;416;;
16;13/4/2026;SEGUNDA;BODEGA DANILOS ;LA VITRINA-EL PARAISO;DS INTERIOR;1;1;;
16;13/4/2026;SEGUNDA;BODEGA DANILOS ;LA VITRINA-EL PARAISO;DS ROPA;3;230;;
16;13/4/2026;SEGUNDA;BODEGA DANILOS ;LA VITRINA-LA LABOR OCOTEPEQUE;DS HOGAR;2;70;;
16;13/4/2026;SEGUNDA;BODEGA DANILOS ;LA VITRINA-LA LABOR OCOTEPEQUE;DS ROPA;4;310;;
16;13/4/2026;SEGUNDA;BODEGA DANILOS ;LA VITRINA-PEÑA BLANCA;DS INTERIOR;1;30;;
16;13/4/2026;SEGUNDA;BODEGA DANILOS ;LA VITRINA-PEÑA BLANCA;DS ROPA;3;199;;
16;13/4/2026;SEGUNDA;BODEGA DANILOS ;LA VITRINA-SABA;DS ROPA;2;140;;
16;13/4/2026;SEGUNDA;BODEGA DANILOS ;LA VITRINA-SAN ESTEBAN;DS HOGAR;5;170;;
16;13/4/2026;SEGUNDA;BODEGA DANILOS ;LA VITRINA-SAN ESTEBAN;DS ROPA;1;8;;
16;13/4/2026;SEGUNDA;BODEGA DANILOS ;LA VITRINA-TALANGA ;DS HOGAR;1;6;;
16;13/4/2026;SEGUNDA;BODEGA DANILOS ;LA VITRINA-TALANGA ;DS ROPA;4;230;;
16;13/4/2026;SEGUNDA;BODEGA DANILOS ;LA VITRINA-TRINIDAD;DS ROPA;1;80;;
16;13/4/2026;SEGUNDA;BODEGA DANILOS ;LEPAERA-DS;DS HOGAR;1;15;;
16;13/4/2026;SEGUNDA;BODEGA DANILOS ;LEPAERA-DS;DS ROPA;2;48;;
16;13/4/2026;SEGUNDA;BODEGA DANILOS ;MEGACARPA EL PROGRESO-DS;DS HOGAR;1;7;;
16;13/4/2026;SEGUNDA;BODEGA DANILOS ;MEGACARPA EL PROGRESO-DS;DS ROPA;1;30;;
16;13/4/2026;SEGUNDA;BODEGA DANILOS ;OLANCHITO-DS;DS HOGAR;3;125;;
16;13/4/2026;SEGUNDA;BODEGA DANILOS ;OLANCHITO-DS;DS ROPA;3;111;;
16;13/4/2026;SEGUNDA;BODEGA DANILOS ;RIO LINDO, LA  VITRINA;DS HOGAR;1;8;;
16;13/4/2026;SEGUNDA;BODEGA DANILOS ;RIO LINDO, LA  VITRINA;DS INTERIOR;1;2;;
16;13/4/2026;SEGUNDA;BODEGA DANILOS ;RIO LINDO, LA  VITRINA;DS ROPA;2;85;;
16;13/4/2026;SEGUNDA;BODEGA DANILOS ;SAN FRANCISCO-DS;DS ROPA;1;32;;
16;13/4/2026;SEGUNDA;BODEGA DANILOS ;SAN MARCOS OCOTEPEQUE, LA VITR;DS HOGAR;1;8;;
16;13/4/2026;SEGUNDA;BODEGA DANILOS ;SAN MARCOS OCOTEPEQUE, LA VITR;DS ROPA;2;198;;
16;13/4/2026;SEGUNDA;BODEGA DANILOS ;SANTA RITA, COPAN -DS;DS ROPA;1;40;;
16;13/4/2026;SEGUNDA;BODEGA DANILOS ;SONAGUERA-DS;DS HOGAR;1;66;;
16;13/4/2026;SEGUNDA;BODEGA DANILOS ;SONAGUERA-DS;DS ROPA;2;160;;
16;13/4/2026;SEGUNDA;BODEGA DANILOS ;YORO-DS;DS HOGAR;1;8;;
16;14/4/2026;SEGUNDA;BODEGA DANILOS ;CAMPAMENTO OLANCHO-DS;DS HOGAR;7;258;;
16;14/4/2026;SEGUNDA;BODEGA DANILOS ;CAMPAMENTO OLANCHO-DS;DS INTERIOR;1;50;;
16;14/4/2026;SEGUNDA;BODEGA DANILOS ;CAMPAMENTO OLANCHO-DS;DS ROPA;4;209;;
16;14/4/2026;SEGUNDA;BODEGA DANILOS ;CATACAMAS-DS;DS HOGAR;3;32;;
16;14/4/2026;SEGUNDA;BODEGA DANILOS ;CATACAMAS-DS;DS INTERIOR;1;30;;
16;14/4/2026;SEGUNDA;BODEGA DANILOS ;CATACAMAS-DS;DS ROPA;1;19;;
16;14/4/2026;SEGUNDA;BODEGA DANILOS ;CUCUYAGUA-DS;DS HOGAR;3;36;;
16;14/4/2026;SEGUNDA;BODEGA DANILOS ;CUCUYAGUA-DS;DS ROPA;3;236;;
16;14/4/2026;SEGUNDA;BODEGA DANILOS ;GRACIAS, LEMPIRA-DS;DS HOGAR;2;145;;
16;14/4/2026;SEGUNDA;BODEGA DANILOS ;GUAYMACA-DS;DS HOGAR;1;23;;
16;14/4/2026;SEGUNDA;BODEGA DANILOS ;GUAYMACA-DS;DS ROPA;4;245;;
16;14/4/2026;SEGUNDA;BODEGA DANILOS ;LA CEIBA-DS;DS HOGAR;1;12;;
16;14/4/2026;SEGUNDA;BODEGA DANILOS ;LA CEIBA-DS;DS INTERIOR;2;66;;
16;14/4/2026;SEGUNDA;BODEGA DANILOS ;LA CEIBA-DS;DS ROPA;2;110;;
16;14/4/2026;SEGUNDA;BODEGA DANILOS ;LA LIBERTAD-DS;DS HOGAR;2;35;;
16;14/4/2026;SEGUNDA;BODEGA DANILOS ;LA LIBERTAD-DS;DS ROPA;2;295;;
16;14/4/2026;SEGUNDA;BODEGA DANILOS ;LA VITRINA INTIBUCA;DS INTERIOR;1;30;;
16;14/4/2026;SEGUNDA;BODEGA DANILOS ;LA VITRINA-EL PARAISO;DS ROPA;1;75;;
16;14/4/2026;SEGUNDA;BODEGA DANILOS ;LA VITRINA-LA LABOR OCOTEPEQUE;DS HOGAR;6;114;;
16;14/4/2026;SEGUNDA;BODEGA DANILOS ;LA VITRINA-LA LABOR OCOTEPEQUE;DS INTERIOR;1;30;;
16;14/4/2026;SEGUNDA;BODEGA DANILOS ;LA VITRINA-LA LABOR OCOTEPEQUE;DS ROPA;1;26;;
16;14/4/2026;SEGUNDA;BODEGA DANILOS ;LA VITRINA-PEÑA BLANCA;DS HOGAR;2;27;;
16;14/4/2026;SEGUNDA;BODEGA DANILOS ;LA VITRINA-PEÑA BLANCA;DS INTERIOR;1;15;;
16;14/4/2026;SEGUNDA;BODEGA DANILOS ;LA VITRINA-PEÑA BLANCA;DS ROPA;3;443;;
16;14/4/2026;SEGUNDA;BODEGA DANILOS ;LA VITRINA-SABA;DS ROPA;2;127;;
16;14/4/2026;SEGUNDA;BODEGA DANILOS ;LA VITRINA-SAN ESTEBAN;DS HOGAR;5;169;;
16;14/4/2026;SEGUNDA;BODEGA DANILOS ;LA VITRINA-SAN ESTEBAN;DS INTERIOR;1;50;;
16;14/4/2026;SEGUNDA;BODEGA DANILOS ;LA VITRINA-TALANGA ;DS ROPA;2;81;;
16;14/4/2026;SEGUNDA;BODEGA DANILOS ;LA VITRINA-TRINIDAD;DS HOGAR;1;6;;
16;14/4/2026;SEGUNDA;BODEGA DANILOS ;LEPAERA-DS;DS HOGAR;1;7;;
16;14/4/2026;SEGUNDA;BODEGA DANILOS ;LEPAERA-DS;DS INTERIOR;1;50;;
16;14/4/2026;SEGUNDA;BODEGA DANILOS ;LEPAERA-DS;DS ROPA;3;125;;
16;14/4/2026;SEGUNDA;BODEGA DANILOS ;MEGACARPA EL PROGRESO-DS;DS HOGAR;1;18;;
16;14/4/2026;SEGUNDA;BODEGA DANILOS ;MEGACARPA EL PROGRESO-DS;DS INTERIOR;2;65;;
16;14/4/2026;SEGUNDA;BODEGA DANILOS ;MEGACARPA EL PROGRESO-DS;DS ROPA;3;125;;
16;14/4/2026;SEGUNDA;BODEGA DANILOS ;OLANCHITO-DS;DS HOGAR;2;33;;
16;14/4/2026;SEGUNDA;BODEGA DANILOS ;OLANCHITO-DS;DS INTERIOR;1;50;;
16;14/4/2026;SEGUNDA;BODEGA DANILOS ;OLANCHITO-DS;DS ROPA;2;180;;
16;14/4/2026;SEGUNDA;BODEGA DANILOS ;RIO LINDO, LA  VITRINA;DS HOGAR;1;20;;
16;14/4/2026;SEGUNDA;BODEGA DANILOS ;RIO LINDO, LA  VITRINA;DS INTERIOR;2;115;;
16;14/4/2026;SEGUNDA;BODEGA DANILOS ;RIO LINDO, LA  VITRINA;DS ROPA;1;20;;
16;14/4/2026;SEGUNDA;BODEGA DANILOS ;SAN FRANCISCO-DS;DS HOGAR;1;4;;
16;14/4/2026;SEGUNDA;BODEGA DANILOS ;SAN FRANCISCO-DS;DS ROPA;1;18;;
16;14/4/2026;SEGUNDA;BODEGA DANILOS ;SAN MARCOS OCOTEPEQUE, LA VITR;DS HOGAR;1;25;;
16;14/4/2026;SEGUNDA;BODEGA DANILOS ;SANTA RITA, COPAN -DS;DS HOGAR;1;6;;
16;14/4/2026;SEGUNDA;BODEGA DANILOS ;SANTA RITA, COPAN -DS;DS ROPA;3;81;;
16;14/4/2026;SEGUNDA;BODEGA DANILOS ;SONAGUERA-DS;DS ROPA;1;117;;
16;14/4/2026;SEGUNDA;BODEGA DANILOS ;YORO-DS;DS HOGAR;1;18;;
16;15/4/2026;SEGUNDA;BODEGA DANILOS ;CAMPAMENTO OLANCHO-DS;DS HOGAR;1;30;;
16;15/4/2026;SEGUNDA;BODEGA DANILOS ;CAMPAMENTO OLANCHO-DS;DS INTERIOR;2;141;;
16;15/4/2026;SEGUNDA;BODEGA DANILOS ;CAMPAMENTO OLANCHO-DS;DS ROPA;2;144;;
16;15/4/2026;SEGUNDA;BODEGA DANILOS ;CATACAMAS-DS;DS HOGAR;2;56;;
16;15/4/2026;SEGUNDA;BODEGA DANILOS ;CATACAMAS-DS;DS ROPA;2;45;;
16;15/4/2026;SEGUNDA;BODEGA DANILOS ;CUCUYAGUA-DS;DS HOGAR;1;43;;
16;15/4/2026;SEGUNDA;BODEGA DANILOS ;CUCUYAGUA-DS;DS INTERIOR;1;18;;
16;15/4/2026;SEGUNDA;BODEGA DANILOS ;CUCUYAGUA-DS;DS ROPA;1;40;;
16;15/4/2026;SEGUNDA;BODEGA DANILOS ;GUAYMACA-DS;DS HOGAR;1;81;;
16;15/4/2026;SEGUNDA;BODEGA DANILOS ;GUAYMACA-DS;DS INTERIOR;1;18;;
16;15/4/2026;SEGUNDA;BODEGA DANILOS ;GUAYMACA-DS;DS ROPA;1;20;;
16;15/4/2026;SEGUNDA;BODEGA DANILOS ;LA LIBERTAD-DS;DS HOGAR;1;26;;
16;15/4/2026;SEGUNDA;BODEGA DANILOS ;LA LIBERTAD-DS;DS INTERIOR;1;26;;
16;15/4/2026;SEGUNDA;BODEGA DANILOS ;LA LIBERTAD-DS;DS ROPA;5;258;;
16;15/4/2026;SEGUNDA;BODEGA DANILOS ;LA VITRINA INTIBUCA;DS INTERIOR;1;114;;
16;15/4/2026;SEGUNDA;BODEGA DANILOS ;LA VITRINA, MEGATIENDA;DS ROPA;2;37;;
16;15/4/2026;SEGUNDA;BODEGA DANILOS ;LA VITRINA, TOCOA;DS ROPA;2;52;;
16;15/4/2026;SEGUNDA;BODEGA DANILOS ;LA VITRINA-EL PARAISO;DS INTERIOR;1;30;;
16;15/4/2026;SEGUNDA;BODEGA DANILOS ;LA VITRINA-EL PARAISO;DS ROPA;3;115;;
16;15/4/2026;SEGUNDA;BODEGA DANILOS ;LA VITRINA-LA LABOR OCOTEPEQUE;DS INTERIOR;1;103;;
16;15/4/2026;SEGUNDA;BODEGA DANILOS ;LA VITRINA-LA LABOR OCOTEPEQUE;DS ROPA;2;104;;
16;15/4/2026;SEGUNDA;BODEGA DANILOS ;LA VITRINA-PEÑA BLANCA;DS ROPA;1;13;;
16;15/4/2026;SEGUNDA;BODEGA DANILOS ;LA VITRINA-SABA;DS ROPA;1;22;;
16;15/4/2026;SEGUNDA;BODEGA DANILOS ;LA VITRINA-SAN ESTEBAN;DS HOGAR;1;34;;
16;15/4/2026;SEGUNDA;BODEGA DANILOS ;LA VITRINA-SAN ESTEBAN;DS INTERIOR;1;160;;
16;15/4/2026;SEGUNDA;BODEGA DANILOS ;LA VITRINA-SAN ESTEBAN;DS ROPA;1;21;;
16;15/4/2026;SEGUNDA;BODEGA DANILOS ;LA VITRINA-TALANGA ;DS INTERIOR;1;30;;
16;15/4/2026;SEGUNDA;BODEGA DANILOS ;LA VITRINA-TALANGA ;DS ROPA;5;394;;
16;15/4/2026;SEGUNDA;BODEGA DANILOS ;LA VITRINA-TRINIDAD;DS INTERIOR;1;23;;
16;15/4/2026;SEGUNDA;BODEGA DANILOS ;LA VITRINA-TRINIDAD;DS ROPA;2;34;;
16;15/4/2026;SEGUNDA;BODEGA DANILOS ;LEPAERA-DS;DS HOGAR;1;38;;
16;15/4/2026;SEGUNDA;BODEGA DANILOS ;LEPAERA-DS;DS INTERIOR;2;114;;
16;15/4/2026;SEGUNDA;BODEGA DANILOS ;LEPAERA-DS;DS ROPA;2;78;;
16;15/4/2026;SEGUNDA;BODEGA DANILOS ;MEGACARPA EL PROGRESO-DS;DS INTERIOR;3;173;;
16;15/4/2026;SEGUNDA;BODEGA DANILOS ;MEGACARPA EL PROGRESO-DS;DS ROPA;2;150;;
16;15/4/2026;SEGUNDA;BODEGA DANILOS ;OLANCHITO-DS;DS INTERIOR;1;100;;
16;15/4/2026;SEGUNDA;BODEGA DANILOS ;OLANCHITO-DS;DS ROPA;2;62;;
16;15/4/2026;SEGUNDA;BODEGA DANILOS ;RIO LINDO, LA  VITRINA;DS HOGAR;1;40;;
16;15/4/2026;SEGUNDA;BODEGA DANILOS ;RIO LINDO, LA  VITRINA;DS INTERIOR;1;100;;
16;15/4/2026;SEGUNDA;BODEGA DANILOS ;SAN FRANCISCO-DS;DS HOGAR;1;14;;
16;15/4/2026;SEGUNDA;BODEGA DANILOS ;SAN FRANCISCO-DS;DS INTERIOR;1;30;;
16;15/4/2026;SEGUNDA;BODEGA DANILOS ;SAN MARCOS OCOTEPEQUE, LA VITR;DS INTERIOR;2;125;;
16;15/4/2026;SEGUNDA;BODEGA DANILOS ;SANTA RITA, COPAN -DS;DS ROPA;2;38;;
16;15/4/2026;SEGUNDA;BODEGA DANILOS ;SONAGUERA-DS;DS HOGAR;5;32;;
16;15/4/2026;SEGUNDA;BODEGA DANILOS ;SONAGUERA-DS;DS ROPA;1;21;;
16;16/4/2026;SEGUNDA;BODEGA DANILOS ;CAMPAMENTO OLANCHO-DS;DS ROPA;3;102;;
16;16/4/2026;SEGUNDA;BODEGA DANILOS ;CATACAMAS-DS;DS INTERIOR;1;24;;
16;16/4/2026;SEGUNDA;BODEGA DANILOS ;CATACAMAS-DS;DS ROPA;1;50;;
16;16/4/2026;SEGUNDA;BODEGA DANILOS ;CUCUYAGUA-DS;DS ROPA;1;30;;
16;16/4/2026;SEGUNDA;BODEGA DANILOS ;GRACIAS, LEMPIRA-DS;DS HOGAR;6;279;;
16;16/4/2026;SEGUNDA;BODEGA DANILOS ;GUAYMACA-DS;DS HOGAR;3;74;;
16;16/4/2026;SEGUNDA;BODEGA DANILOS ;GUAYMACA-DS;DS ROPA;1;30;;
16;16/4/2026;SEGUNDA;BODEGA DANILOS ;LA CEIBA-DS;DS ROPA;3;224;;
16;16/4/2026;SEGUNDA;BODEGA DANILOS ;LA LIBERTAD-DS;DS HOGAR;1;26;;
16;16/4/2026;SEGUNDA;BODEGA DANILOS ;LA LIBERTAD-DS;DS ROPA;1;23;;
16;16/4/2026;SEGUNDA;BODEGA DANILOS ;LA VITRINA INTIBUCA;DS ROPA;1;40;;
16;16/4/2026;SEGUNDA;BODEGA DANILOS ;LA VITRINA, MEGATIENDA;DS HOGAR;1;18;;
16;16/4/2026;SEGUNDA;BODEGA DANILOS ;LA VITRINA, MEGATIENDA;DS ROPA;1;58;;
16;16/4/2026;SEGUNDA;BODEGA DANILOS ;LA VITRINA, TOCOA;DS HOGAR;1;17;;
16;16/4/2026;SEGUNDA;BODEGA DANILOS ;LA VITRINA, TOCOA;DS ROPA;3;108;;
16;16/4/2026;SEGUNDA;BODEGA DANILOS ;LA VITRINA-EL PARAISO;DS INTERIOR;1;24;;
16;16/4/2026;SEGUNDA;BODEGA DANILOS ;LA VITRINA-EL PARAISO;DS ROPA;4;143;;
16;16/4/2026;SEGUNDA;BODEGA DANILOS ;LA VITRINA-LA LABOR OCOTEPEQUE;DS HOGAR;2;46;;
16;16/4/2026;SEGUNDA;BODEGA DANILOS ;LA VITRINA-LA LABOR OCOTEPEQUE;DS ROPA;1;40;;
16;16/4/2026;SEGUNDA;BODEGA DANILOS ;LA VITRINA-PEÑA BLANCA;DS HOGAR;3;106;;
16;16/4/2026;SEGUNDA;BODEGA DANILOS ;LA VITRINA-PEÑA BLANCA;DS INTERIOR;1;34;;
16;16/4/2026;SEGUNDA;BODEGA DANILOS ;LA VITRINA-PEÑA BLANCA;DS ROPA;5;687;;
16;16/4/2026;SEGUNDA;BODEGA DANILOS ;LA VITRINA-SABA;DS HOGAR;2;52;;
16;16/4/2026;SEGUNDA;BODEGA DANILOS ;LA VITRINA-SABA;DS ROPA;2;70;;
16;16/4/2026;SEGUNDA;BODEGA DANILOS ;LA VITRINA-SAN ESTEBAN;DS HOGAR;3;100;;
16;16/4/2026;SEGUNDA;BODEGA DANILOS ;LA VITRINA-SAN ESTEBAN;DS ROPA;3;297;;
16;16/4/2026;SEGUNDA;BODEGA DANILOS ;LA VITRINA-TALANGA ;DS ROPA;1;187;;
16;16/4/2026;SEGUNDA;BODEGA DANILOS ;LA VITRINA-TALANGA ;DS VERANO;1;1;;
16;16/4/2026;SEGUNDA;BODEGA DANILOS ;LA VITRINA-TRINIDAD;DS ROPA;1;30;;
16;16/4/2026;SEGUNDA;BODEGA DANILOS ;LEPAERA-DS;DS HOGAR;1;17;;
16;16/4/2026;SEGUNDA;BODEGA DANILOS ;LEPAERA-DS;DS INTERIOR;1;4;;
16;16/4/2026;SEGUNDA;BODEGA DANILOS ;LEPAERA-DS;DS ROPA;3;170;;
16;16/4/2026;SEGUNDA;BODEGA DANILOS ;MEGACARPA EL PROGRESO-DS;DS ROPA;2;80;;
16;16/4/2026;SEGUNDA;BODEGA DANILOS ;OLANCHITO-DS;DS HOGAR;1;23;;
16;16/4/2026;SEGUNDA;BODEGA DANILOS ;OLANCHITO-DS;DS INTERIOR;1;108;;
16;16/4/2026;SEGUNDA;BODEGA DANILOS ;OLANCHITO-DS;DS ROPA;5;828;;
16;16/4/2026;SEGUNDA;BODEGA DANILOS ;RIO LINDO, LA  VITRINA;DS HOGAR;1;31;;
16;16/4/2026;SEGUNDA;BODEGA DANILOS ;RIO LINDO, LA  VITRINA;DS ROPA;3;111;;
16;16/4/2026;SEGUNDA;BODEGA DANILOS ;SAN FRANCISCO-DS;DS HOGAR;1;39;;
16;16/4/2026;SEGUNDA;BODEGA DANILOS ;SAN FRANCISCO-DS;DS INTERIOR;1;26;;
16;16/4/2026;SEGUNDA;BODEGA DANILOS ;SAN FRANCISCO-DS;DS ROPA;2;91;;
16;16/4/2026;SEGUNDA;BODEGA DANILOS ;SAN MARCOS OCOTEPEQUE, LA VITR;DS INTERIOR;1;25;;
16;16/4/2026;SEGUNDA;BODEGA DANILOS ;SAN MARCOS OCOTEPEQUE, LA VITR;DS ROPA;6;445;;
16;16/4/2026;SEGUNDA;BODEGA DANILOS ;SANTA RITA, COPAN -DS;DS HOGAR;1;34;;
16;16/4/2026;SEGUNDA;BODEGA DANILOS ;SANTA RITA, COPAN -DS;DS ROPA;3;115;;
16;17/4/2026;SEGUNDA;BODEGA DANILOS ;CAMPAMENTO OLANCHO-DS;DS ROPA;1;30;;
16;17/4/2026;SEGUNDA;BODEGA DANILOS ;CATACAMAS-DS;DS HOGAR;1;58;;
16;17/4/2026;SEGUNDA;BODEGA DANILOS ;CATACAMAS-DS;DS ROPA;2;70;;
16;17/4/2026;SEGUNDA;BODEGA DANILOS ;CUCUYAGUA-DS;DS HOGAR;2;88;;
16;17/4/2026;SEGUNDA;BODEGA DANILOS ;CUCUYAGUA-DS;DS ROPA;2;70;;
16;17/4/2026;SEGUNDA;BODEGA DANILOS ;GUAYMACA-DS;DS HOGAR;1;10;;
16;17/4/2026;SEGUNDA;BODEGA DANILOS ;GUAYMACA-DS;DS ROPA;2;69;;
16;17/4/2026;SEGUNDA;BODEGA DANILOS ;LA CEIBA-DS;DS ROPA;1;30;;
16;17/4/2026;SEGUNDA;BODEGA DANILOS ;LA LIBERTAD-DS;DS ROPA;2;121;;
16;17/4/2026;SEGUNDA;BODEGA DANILOS ;LA VITRINA INTIBUCA;DS HOGAR;1;40;;
16;17/4/2026;SEGUNDA;BODEGA DANILOS ;LA VITRINA INTIBUCA;DS ROPA;3;113;;
16;17/4/2026;SEGUNDA;BODEGA DANILOS ;LA VITRINA, MEGATIENDA;DS ROPA;2;80;;
16;17/4/2026;SEGUNDA;BODEGA DANILOS ;LA VITRINA, TOCOA;DS HOGAR;2;69;;
16;17/4/2026;SEGUNDA;BODEGA DANILOS ;LA VITRINA, TOCOA;DS ROPA;3;197;;
16;17/4/2026;SEGUNDA;BODEGA DANILOS ;LA VITRINA-EL PARAISO;DS HOGAR;1;42;;
16;17/4/2026;SEGUNDA;BODEGA DANILOS ;LA VITRINA-EL PARAISO;DS ROPA;1;40;;
16;17/4/2026;SEGUNDA;BODEGA DANILOS ;LA VITRINA-LA LABOR OCOTEPEQUE;DS ROPA;1;30;;
16;17/4/2026;SEGUNDA;BODEGA DANILOS ;LA VITRINA-PEÑA BLANCA;DS ACCESORIOS;0;21;;
16;17/4/2026;SEGUNDA;BODEGA DANILOS ;LA VITRINA-PEÑA BLANCA;DS HOGAR;6;114;;
16;17/4/2026;SEGUNDA;BODEGA DANILOS ;LA VITRINA-PEÑA BLANCA;DS INTERIOR;0;8;;
16;17/4/2026;SEGUNDA;BODEGA DANILOS ;LA VITRINA-PEÑA BLANCA;DS ROPA;4;646;;
16;17/4/2026;SEGUNDA;BODEGA DANILOS ;LA VITRINA-SABA;DS HOGAR;1;56;;
16;17/4/2026;SEGUNDA;BODEGA DANILOS ;LA VITRINA-SABA;DS ROPA;3;92;;
16;17/4/2026;SEGUNDA;BODEGA DANILOS ;LA VITRINA-SAN ESTEBAN;DS HOGAR;1;50;;
16;17/4/2026;SEGUNDA;BODEGA DANILOS ;LA VITRINA-SAN ESTEBAN;DS INTERIOR;1;38;;
16;17/4/2026;SEGUNDA;BODEGA DANILOS ;LA VITRINA-SAN ESTEBAN;DS ROPA;4;298;;
16;17/4/2026;SEGUNDA;BODEGA DANILOS ;LA VITRINA-TALANGA ;DS HOGAR;3;54;;
16;17/4/2026;SEGUNDA;BODEGA DANILOS ;LA VITRINA-TALANGA ;DS ROPA;4;334;;
16;17/4/2026;SEGUNDA;BODEGA DANILOS ;LA VITRINA-TRINIDAD;DS HOGAR;1;43;;
16;17/4/2026;SEGUNDA;BODEGA DANILOS ;LA VITRINA-TRINIDAD;DS ROPA;3;106;;
16;17/4/2026;SEGUNDA;BODEGA DANILOS ;LEPAERA-DS;DS HOGAR;3;93;;
16;17/4/2026;SEGUNDA;BODEGA DANILOS ;LEPAERA-DS;DS ROPA;3;527;;
16;17/4/2026;SEGUNDA;BODEGA DANILOS ;MEGACARPA EL PROGRESO-DS;DS HOGAR;1;39;;
16;17/4/2026;SEGUNDA;BODEGA DANILOS ;MEGACARPA EL PROGRESO-DS;DS ROPA;1;30;;
16;17/4/2026;SEGUNDA;BODEGA DANILOS ;OLANCHITO-DS;DS HOGAR;2;41;;
16;17/4/2026;SEGUNDA;BODEGA DANILOS ;RIO LINDO, LA  VITRINA;DS HOGAR;2;90;;
16;17/4/2026;SEGUNDA;BODEGA DANILOS ;RIO LINDO, LA  VITRINA;DS ROPA;1;30;;
16;17/4/2026;SEGUNDA;BODEGA DANILOS ;SAN FRANCISCO-DS;DS HOGAR;1;53;;
16;17/4/2026;SEGUNDA;BODEGA DANILOS ;SAN FRANCISCO-DS;DS INTERIOR;1;56;;
16;17/4/2026;SEGUNDA;BODEGA DANILOS ;SAN FRANCISCO-DS;DS ROPA;3;348;;
16;17/4/2026;SEGUNDA;BODEGA DANILOS ;SAN MARCOS OCOTEPEQUE, LA VITR;DS HOGAR;2;20;;
16;17/4/2026;SEGUNDA;BODEGA DANILOS ;SAN MARCOS OCOTEPEQUE, LA VITR;DS ROPA;2;240;;
16;17/4/2026;SEGUNDA;BODEGA DANILOS ;SANTA RITA, COPAN -DS;DS ROPA;2;71;;
16;17/4/2026;SEGUNDA;BODEGA DANILOS ;SONAGUERA-DS;DS ROPA;1;40;;
16;18/4/2026;SEGUNDA;BODEGA DANILOS ;CAMPAMENTO OLANCHO-DS;DS INTERIOR;1;26;;
16;18/4/2026;SEGUNDA;BODEGA DANILOS ;CAMPAMENTO OLANCHO-DS;DS ROPA;1;186;;
16;18/4/2026;SEGUNDA;BODEGA DANILOS ;CATACAMAS-DS;DS INTERIOR;1;15;;
16;18/4/2026;SEGUNDA;BODEGA DANILOS ;CATACAMAS-DS;DS ROPA;1;171;;
16;18/4/2026;SEGUNDA;BODEGA DANILOS ;CUCUYAGUA-DS;DS HOGAR;1;7;;
16;18/4/2026;SEGUNDA;BODEGA DANILOS ;CUCUYAGUA-DS;DS ROPA;1;200;;
16;18/4/2026;SEGUNDA;BODEGA DANILOS ;GRACIAS, LEMPIRA-DS;DS HOGAR;2;55;;
16;18/4/2026;SEGUNDA;BODEGA DANILOS ;GUAYMACA-DS;DS ROPA;2;544;;
16;18/4/2026;SEGUNDA;BODEGA DANILOS ;LA CEIBA-DS;DS INTERIOR;0;18;;
16;18/4/2026;SEGUNDA;BODEGA DANILOS ;LA CEIBA-DS;DS ROPA;2;235;;
16;18/4/2026;SEGUNDA;BODEGA DANILOS ;LA CEIBA-DS;DS VERANO;0;9;;
16;18/4/2026;SEGUNDA;BODEGA DANILOS ;LA LIBERTAD-DS;DS ROPA;1;26;;
16;18/4/2026;SEGUNDA;BODEGA DANILOS ;LA VITRINA, MEGATIENDA;DS ROPA;1;41;;
16;18/4/2026;SEGUNDA;BODEGA DANILOS ;LA VITRINA, TOCOA;DS HOGAR;1;50;;
16;18/4/2026;SEGUNDA;BODEGA DANILOS ;LA VITRINA, TOCOA;DS INTERIOR;1;22;;
16;18/4/2026;SEGUNDA;BODEGA DANILOS ;LA VITRINA, TOCOA;DS ROPA;2;605;;
16;18/4/2026;SEGUNDA;BODEGA DANILOS ;LA VITRINA-LA LABOR OCOTEPEQUE;DS HOGAR;1;30;;
16;18/4/2026;SEGUNDA;BODEGA DANILOS ;LA VITRINA-PEÑA BLANCA;DS HOGAR;4;228;;
16;18/4/2026;SEGUNDA;BODEGA DANILOS ;LA VITRINA-PEÑA BLANCA;DS ROPA;3;329;;
16;18/4/2026;SEGUNDA;BODEGA DANILOS ;LA VITRINA-SABA;DS INTERIOR;1;11;;
16;18/4/2026;SEGUNDA;BODEGA DANILOS ;LA VITRINA-SABA;DS ROPA;1;192;;
16;18/4/2026;SEGUNDA;BODEGA DANILOS ;LA VITRINA-SAN ESTEBAN;DS ROPA;1;40;;
16;18/4/2026;SEGUNDA;BODEGA DANILOS ;LA VITRINA-TALANGA ;DS ROPA;2;328;;
16;18/4/2026;SEGUNDA;BODEGA DANILOS ;LA VITRINA-TRINIDAD;DS HOGAR;1;40;;
16;18/4/2026;SEGUNDA;BODEGA DANILOS ;LEPAERA-DS;DS ROPA;1;60;;
16;18/4/2026;SEGUNDA;BODEGA DANILOS ;OLANCHITO-DS;DS INTERIOR;1;15;;
16;18/4/2026;SEGUNDA;BODEGA DANILOS ;OLANCHITO-DS;DS ROPA;1;33;;
16;18/4/2026;SEGUNDA;BODEGA DANILOS ;RIO LINDO, LA  VITRINA;DS HOGAR;1;50;;
16;18/4/2026;SEGUNDA;BODEGA DANILOS ;RIO LINDO, LA  VITRINA;DS INTERIOR;1;25;;
16;18/4/2026;SEGUNDA;BODEGA DANILOS ;SAN MARCOS OCOTEPEQUE, LA VITR;DS HOGAR;1;40;;
16;18/4/2026;SEGUNDA;BODEGA DANILOS ;SAN MARCOS OCOTEPEQUE, LA VITR;DS ROPA;1;32;;
16;18/4/2026;SEGUNDA;BODEGA DANILOS ;SONAGUERA-DS;DS ROPA;1;110;;
17;21/4/2025;SEGUNDA;BODEGA DANILOS ;EL NEGRITO, YORO-DS;DS HOGAR;;;2;53
17;21/4/2025;SEGUNDA;BODEGA DANILOS ;LA CEIBA-DS;DS ROPA;;;3;520
17;21/4/2025;SEGUNDA;BODEGA DANILOS ;LEPAERA-DS;DS ROPA;;;3;714
17;21/4/2025;SEGUNDA;BODEGA DANILOS ;MEGACARPA EL PROGRESO-DS;DS ROPA;;;1;72
17;22/4/2025;SEGUNDA;BODEGA DANILOS ;CATACAMAS-DS;DS INTERIOR;;;1;11
17;22/4/2025;SEGUNDA;BODEGA DANILOS ;CATACAMAS-DS;DS ROPA;;;3;388
17;22/4/2025;SEGUNDA;BODEGA DANILOS ;LA CEIBA-DS;DS HOGAR;;;1;50
17;22/4/2025;SEGUNDA;BODEGA DANILOS ;LA VITRINA-LA LABOR OCOTEPEQUE;DS HOGAR;;;1;60
17;22/4/2025;SEGUNDA;BODEGA DANILOS ;LEPAERA-DS;DS ROPA;;;2;473
17;22/4/2025;SEGUNDA;BODEGA DANILOS ;MEGACARPA EL PROGRESO-DS;DS ROPA;;;2;500
17;22/4/2025;SEGUNDA;BODEGA DANILOS ;OLANCHITO-DS;DS HOGAR;;;2;130
17;22/4/2025;SEGUNDA;BODEGA DANILOS ;OLANCHITO-DS;DS ROPA;;;2;304
17;22/4/2025;SEGUNDA;BODEGA DANILOS ;SABA-DS;DS HOGAR;;;1;130
17;22/4/2025;SEGUNDA;BODEGA DANILOS ;SANTA RITA, COPAN -DS;DS HOGAR;;;1;50
17;23/4/2025;SEGUNDA;BODEGA DANILOS ;CAMPAMENTO OLANCHO-DS;DS INTERIOR;;;1;36
17;23/4/2025;SEGUNDA;BODEGA DANILOS ;CAMPAMENTO OLANCHO-DS;DS ROPA;;;2;591
17;23/4/2025;SEGUNDA;BODEGA DANILOS ;LA CEIBA-DS;DS HOGAR;;;1;95
17;23/4/2025;SEGUNDA;BODEGA DANILOS ;LA VITRINA-SAN ESTEBAN;DS HOGAR;;;2;101
17;23/4/2025;SEGUNDA;BODEGA DANILOS ;LEPAERA-DS;DS ROPA;;;1;184
17;23/4/2025;SEGUNDA;BODEGA DANILOS ;MEGACARPA EL PROGRESO-DS;DS HOGAR;;;1;122
17;23/4/2025;SEGUNDA;BODEGA DANILOS ;MEGACARPA EL PROGRESO-DS;DS ROPA;;;1;148
17;23/4/2025;SEGUNDA;BODEGA DANILOS ;OLANCHITO-DS;DS HOGAR;;;1;43
17;23/4/2025;SEGUNDA;BODEGA DANILOS ;OLANCHITO-DS;DS ROPA;;;4;577
17;23/4/2025;SEGUNDA;BODEGA DANILOS ;YORO-DS;DS ROPA;;;1;104
17;24/4/2025;SEGUNDA;BODEGA DANILOS ;CAMPAMENTO OLANCHO-DS;DS ROPA;;;3;835
17;24/4/2025;SEGUNDA;BODEGA DANILOS ;LA VITRINA-SAN ESTEBAN;DS ROPA;;;1;1
17;24/4/2025;SEGUNDA;BODEGA DANILOS ;LEPAERA-DS;DS HOGAR;;;1;65
17;24/4/2025;SEGUNDA;BODEGA DANILOS ;LEPAERA-DS;DS ROPA;;;2;431
17;24/4/2025;SEGUNDA;BODEGA DANILOS ;OLANCHITO-DS;DS HOGAR;;;5;382
17;24/4/2025;SEGUNDA;BODEGA DANILOS ;OLANCHITO-DS;DS ROPA;;;3;375
17;25/4/2025;SEGUNDA;BODEGA DANILOS ;CAMPAMENTO OLANCHO-DS;DS ROPA;;;1;2
17;25/4/2025;SEGUNDA;BODEGA DANILOS ;CUCUYAGUA-DS;DS ROPA;;;9;1,736
17;25/4/2025;SEGUNDA;BODEGA DANILOS ;EL NEGRITO, YORO-DS;DS ROPA;;;1;12
17;25/4/2025;SEGUNDA;BODEGA DANILOS ;GRACIAS, LEMPIRA-DS;DS HOGAR;;;0;1
17;25/4/2025;SEGUNDA;BODEGA DANILOS ;GRACIAS, LEMPIRA-DS;DS INTERIOR;;;0;2
17;25/4/2025;SEGUNDA;BODEGA DANILOS ;GRACIAS, LEMPIRA-DS;DS ROPA;;;0;68
17;25/4/2025;SEGUNDA;BODEGA DANILOS ;LA VITRINA-SAN ESTEBAN;DS ROPA;;;2;190
17;25/4/2025;SEGUNDA;BODEGA DANILOS ;LEPAERA-DS;DS HOGAR;;;3;274
17;25/4/2025;SEGUNDA;BODEGA DANILOS ;LEPAERA-DS;DS ROPA;;;1;121
17;25/4/2025;SEGUNDA;BODEGA DANILOS ;OLANCHITO-DS;DS ROPA;;;1;14
17;25/4/2025;SEGUNDA;BODEGA DANILOS ;YORO-DS;DS ACCESORIOS;;;0;8
17;25/4/2025;SEGUNDA;BODEGA DANILOS ;YORO-DS;DS HOGAR;;;1;180
17;25/4/2025;SEGUNDA;BODEGA DANILOS ;YORO-DS;DS JUGUETERIA;;;0;2
17;25/4/2025;SEGUNDA;BODEGA DANILOS ;YORO-DS;DS ROPA;;;1;32
17;26/4/2025;SEGUNDA;BODEGA DANILOS ;CAMPAMENTO OLANCHO-DS;DS ROPA;;;1;67
17;26/4/2025;SEGUNDA;BODEGA DANILOS ;CUCUYAGUA-DS;DS HOGAR;;;1;120
17;26/4/2025;SEGUNDA;BODEGA DANILOS ;LA VITRINA-LA LABOR OCOTEPEQUE;DS HOGAR;;;1;81
17;26/4/2025;SEGUNDA;BODEGA DANILOS ;LA VITRINA-SAN ESTEBAN;DS ROPA;;;4;803
17;26/4/2025;SEGUNDA;BODEGA DANILOS ;YORO-DS;DS ACCESORIOS;;;1;2
17;26/4/2025;SEGUNDA;BODEGA DANILOS ;YORO-DS;DS HOGAR;;;4;224
17;26/4/2025;SEGUNDA;BODEGA DANILOS ;YORO-DS;DS INTERIOR;;;1;2
17;26/4/2025;SEGUNDA;BODEGA DANILOS ;YORO-DS;DS ROPA;;;8;1,276
17;19/4/2026;SEGUNDA;BODEGA DANILOS ;CAMPAMENTO OLANCHO-DS;DS INTERIOR;1;21;;
17;19/4/2026;SEGUNDA;BODEGA DANILOS ;CAMPAMENTO OLANCHO-DS;DS ROPA;1;479;;
17;19/4/2026;SEGUNDA;BODEGA DANILOS ;CATACAMAS-DS;DS HOGAR;1;24;;
17;19/4/2026;SEGUNDA;BODEGA DANILOS ;CATACAMAS-DS;DS ROPA;1;75;;
17;19/4/2026;SEGUNDA;BODEGA DANILOS ;EL NEGRITO, YORO-DS;DS ROPA;3;596;;
17;19/4/2026;SEGUNDA;BODEGA DANILOS ;GRACIAS, LEMPIRA-DS;DS HOGAR;1;30;;
17;19/4/2026;SEGUNDA;BODEGA DANILOS ;GRACIAS, LEMPIRA-DS;DS INTERIOR;1;3;;
17;19/4/2026;SEGUNDA;BODEGA DANILOS ;GRACIAS, LEMPIRA-DS;DS ROPA;1;131;;
17;19/4/2026;SEGUNDA;BODEGA DANILOS ;GUAYMACA-DS;DS HOGAR;4;218;;
17;19/4/2026;SEGUNDA;BODEGA DANILOS ;LA CEIBA-DS;DS ROPA;1;124;;
17;19/4/2026;SEGUNDA;BODEGA DANILOS ;LA LIBERTAD-DS;DS ROPA;2;197;;
17;19/4/2026;SEGUNDA;BODEGA DANILOS ;LA VITRINA-EL PARAISO;DS ROPA;1;30;;
17;19/4/2026;SEGUNDA;BODEGA DANILOS ;LA VITRINA-PEÑA BLANCA;DS ROPA;1;62;;
17;19/4/2026;SEGUNDA;BODEGA DANILOS ;LA VITRINA-SABA;DS HOGAR;1;33;;
17;19/4/2026;SEGUNDA;BODEGA DANILOS ;LA VITRINA-SABA;DS ROPA;2;333;;
17;19/4/2026;SEGUNDA;BODEGA DANILOS ;LA VITRINA-SAN ESTEBAN;DS HOGAR;4;315;;
17;19/4/2026;SEGUNDA;BODEGA DANILOS ;LA VITRINA-TALANGA ;DS HOGAR;1;74;;
17;19/4/2026;SEGUNDA;BODEGA DANILOS ;LA VITRINA-TALANGA ;DS ROPA;1;304;;
17;19/4/2026;SEGUNDA;BODEGA DANILOS ;LA VITRINA-TRINIDAD;DS ROPA;1;30;;
17;19/4/2026;SEGUNDA;BODEGA DANILOS ;OLANCHITO-DS;DS INTERIOR;1;54;;
17;19/4/2026;SEGUNDA;BODEGA DANILOS ;OLANCHITO-DS;DS ROPA;1;71;;
17;19/4/2026;SEGUNDA;BODEGA DANILOS ;RIO LINDO, LA  VITRINA;DS HOGAR;1;110;;
17;19/4/2026;SEGUNDA;BODEGA DANILOS ;RIO LINDO, LA  VITRINA;DS ROPA;1;60;;
17;19/4/2026;SEGUNDA;BODEGA DANILOS ;SAN FRANCISCO-DS;DS ROPA;1;50;;
17;19/4/2026;SEGUNDA;BODEGA DANILOS ;SAN MARCOS OCOTEPEQUE, LA VITR;DS HOGAR;1;57;;
17;19/4/2026;SEGUNDA;BODEGA DANILOS ;SANTA RITA, COPAN -DS;DS ROPA;2;405;;
17;20/4/2026;SEGUNDA;BODEGA DANILOS ;CAMPAMENTO OLANCHO-DS;DS HOGAR;2;86;;
17;20/4/2026;SEGUNDA;BODEGA DANILOS ;CATACAMAS-DS;DS ROPA;3;66;;
17;20/4/2026;SEGUNDA;BODEGA DANILOS ;CUCUYAGUA-DS;DS INTERIOR;1;36;;
17;20/4/2026;SEGUNDA;BODEGA DANILOS ;CUCUYAGUA-DS;DS ROPA;1;464;;
17;20/4/2026;SEGUNDA;BODEGA DANILOS ;EL NEGRITO, YORO-DS;DS INTERIOR;1;64;;
17;20/4/2026;SEGUNDA;BODEGA DANILOS ;EL NEGRITO, YORO-DS;DS ROPA;1;203;;
17;20/4/2026;SEGUNDA;BODEGA DANILOS ;GRACIAS, LEMPIRA-DS;DS HOGAR;1;44;;
17;20/4/2026;SEGUNDA;BODEGA DANILOS ;GUAYMACA-DS;DS HOGAR;4;130;;
17;20/4/2026;SEGUNDA;BODEGA DANILOS ;GUAYMACA-DS;DS ROPA;1;40;;
17;20/4/2026;SEGUNDA;BODEGA DANILOS ;LA LIBERTAD-DS;DS HOGAR;1;45;;
17;20/4/2026;SEGUNDA;BODEGA DANILOS ;LA LIBERTAD-DS;DS ROPA;1;82;;
17;20/4/2026;SEGUNDA;BODEGA DANILOS ;LA VITRINA, MEGATIENDA;DS ROPA;4;506;;
17;20/4/2026;SEGUNDA;BODEGA DANILOS ;LA VITRINA, TOCOA;DS INTERIOR;0;4;;
17;20/4/2026;SEGUNDA;BODEGA DANILOS ;LA VITRINA, TOCOA;DS ROPA;2;589;;
17;20/4/2026;SEGUNDA;BODEGA DANILOS ;LA VITRINA, TOCOA;DS VERANO;0;3;;
17;20/4/2026;SEGUNDA;BODEGA DANILOS ;LA VITRINA-LA LABOR OCOTEPEQUE;DS HOGAR;1;6;;
17;20/4/2026;SEGUNDA;BODEGA DANILOS ;LA VITRINA-LA LABOR OCOTEPEQUE;DS ROPA;2;74;;
17;20/4/2026;SEGUNDA;BODEGA DANILOS ;LA VITRINA-PEÑA BLANCA;DS HOGAR;4;145;;
17;20/4/2026;SEGUNDA;BODEGA DANILOS ;LA VITRINA-PEÑA BLANCA;DS ROPA;2;66;;
17;20/4/2026;SEGUNDA;BODEGA DANILOS ;LA VITRINA-SABA;DS HOGAR;1;60;;
17;20/4/2026;SEGUNDA;BODEGA DANILOS ;LA VITRINA-SABA;DS ROPA;2;71;;
17;20/4/2026;SEGUNDA;BODEGA DANILOS ;LA VITRINA-SAN ESTEBAN;DS HOGAR;1;22;;
17;20/4/2026;SEGUNDA;BODEGA DANILOS ;LA VITRINA-SAN ESTEBAN;DS ROPA;1;64;;
17;20/4/2026;SEGUNDA;BODEGA DANILOS ;LA VITRINA-TALANGA ;DS HOGAR;1;68;;
17;20/4/2026;SEGUNDA;BODEGA DANILOS ;LA VITRINA-TALANGA ;DS ROPA;1;58;;
17;20/4/2026;SEGUNDA;BODEGA DANILOS ;LA VITRINA-TRINIDAD;DS HOGAR;1;16;;
17;20/4/2026;SEGUNDA;BODEGA DANILOS ;LEPAERA-DS;DS HOGAR;1;60;;
17;20/4/2026;SEGUNDA;BODEGA DANILOS ;LEPAERA-DS;DS ROPA;1;22;;
17;20/4/2026;SEGUNDA;BODEGA DANILOS ;OLANCHITO-DS;DS HOGAR;4;106;;
17;20/4/2026;SEGUNDA;BODEGA DANILOS ;OLANCHITO-DS;DS ROPA;2;39;;
17;20/4/2026;SEGUNDA;BODEGA DANILOS ;RIO LINDO, LA  VITRINA;DS ROPA;4;155;;
17;20/4/2026;SEGUNDA;BODEGA DANILOS ;SAN FRANCISCO-DS;DS HOGAR;1;28;;
17;20/4/2026;SEGUNDA;BODEGA DANILOS ;SAN MARCOS OCOTEPEQUE, LA VITR;DS HOGAR;1;73;;
17;20/4/2026;SEGUNDA;BODEGA DANILOS ;SAN MARCOS OCOTEPEQUE, LA VITR;DS ROPA;1;55;;
17;21/4/2026;SEGUNDA;BODEGA DANILOS ;CAMPAMENTO OLANCHO-DS;DS ROPA;1;106;;
17;21/4/2026;SEGUNDA;BODEGA DANILOS ;CATACAMAS-DS;DS ROPA;1;32;;
17;21/4/2026;SEGUNDA;BODEGA DANILOS ;CUCUYAGUA-DS;DS ROPA;1;50;;
17;21/4/2026;SEGUNDA;BODEGA DANILOS ;GRACIAS, LEMPIRA-DS;DS HOGAR;2;97;;
17;21/4/2026;SEGUNDA;BODEGA DANILOS ;GUAYMACA-DS;DS HOGAR;1;62;;
17;21/4/2026;SEGUNDA;BODEGA DANILOS ;GUAYMACA-DS;DS ROPA;1;65;;
17;21/4/2026;SEGUNDA;BODEGA DANILOS ;LA CEIBA-DS;DS BEBE;1;1;;
17;21/4/2026;SEGUNDA;BODEGA DANILOS ;LA CEIBA-DS;DS HOGAR;14;587;;
17;21/4/2026;SEGUNDA;BODEGA DANILOS ;LA VITRINA, MEGATIENDA;DS ROPA;2;263;;
17;21/4/2026;SEGUNDA;BODEGA DANILOS ;LA VITRINA, TOCOA;DS HOGAR;1;50;;
17;21/4/2026;SEGUNDA;BODEGA DANILOS ;LA VITRINA, TOCOA;DS ROPA;1;80;;
17;21/4/2026;SEGUNDA;BODEGA DANILOS ;LA VITRINA-EL PARAISO;DS ROPA;1;100;;
17;21/4/2026;SEGUNDA;BODEGA DANILOS ;LA VITRINA-LA LABOR OCOTEPEQUE;DS ROPA;1;60;;
17;21/4/2026;SEGUNDA;BODEGA DANILOS ;LA VITRINA-PEÑA BLANCA;DS ROPA;3;273;;
17;21/4/2026;SEGUNDA;BODEGA DANILOS ;LA VITRINA-SABA;DS ROPA;3;254;;
17;21/4/2026;SEGUNDA;BODEGA DANILOS ;LA VITRINA-SAN ESTEBAN;DS ROPA;1;174;;
17;21/4/2026;SEGUNDA;BODEGA DANILOS ;LA VITRINA-TRINIDAD;DS ROPA;4;592;;
17;21/4/2026;SEGUNDA;BODEGA DANILOS ;LEPAERA-DS;DS ROPA;2;163;;
17;21/4/2026;SEGUNDA;BODEGA DANILOS ;RIO LINDO, LA  VITRINA;DS ROPA;3;115;;
17;21/4/2026;SEGUNDA;BODEGA DANILOS ;SAN FRANCISCO-DS;DS ROPA;1;60;;
17;21/4/2026;SEGUNDA;BODEGA DANILOS ;SAN MARCOS OCOTEPEQUE, LA VITR;DS ROPA;1;273;;
17;21/4/2026;SEGUNDA;BODEGA DANILOS ;SANTA RITA, COPAN -DS;DS ROPA;1;67;;
17;21/4/2026;SEGUNDA;BODEGA DANILOS ;SONAGUERA-DS;DS HOGAR;6;127;;
17;21/4/2026;SEGUNDA;BODEGA DANILOS ;SONAGUERA-DS;DS ROPA;2;137;;
17;22/4/2026;SEGUNDA;BODEGA DANILOS ;CAMPAMENTO OLANCHO-DS;DS ROPA;3;131;;
17;22/4/2026;SEGUNDA;BODEGA DANILOS ;CUCUYAGUA-DS;DS HOGAR;1;90;;
17;22/4/2026;SEGUNDA;BODEGA DANILOS ;CUCUYAGUA-DS;DS ROPA;3;157;;
17;22/4/2026;SEGUNDA;BODEGA DANILOS ;LA LIBERTAD-DS;DS ROPA;1;40;;
17;22/4/2026;SEGUNDA;BODEGA DANILOS ;LA VITRINA, TOCOA;DS INTERIOR;1;29;;
17;22/4/2026;SEGUNDA;BODEGA DANILOS ;LA VITRINA, TOCOA;DS ROPA;3;449;;
17;22/4/2026;SEGUNDA;BODEGA DANILOS ;LA VITRINA-PEÑA BLANCA;DS ROPA;3;153;;
17;22/4/2026;SEGUNDA;BODEGA DANILOS ;LA VITRINA-SABA;DS HOGAR;4;178;;
17;22/4/2026;SEGUNDA;BODEGA DANILOS ;LA VITRINA-SABA;DS INTERIOR;1;62;;
17;22/4/2026;SEGUNDA;BODEGA DANILOS ;LA VITRINA-SABA;DS ROPA;6;846;;
17;22/4/2026;SEGUNDA;BODEGA DANILOS ;LA VITRINA-SAN ESTEBAN;DS ROPA;1;63;;
17;22/4/2026;SEGUNDA;BODEGA DANILOS ;LA VITRINA-TALANGA ;DS ROPA;2;58;;
17;22/4/2026;SEGUNDA;BODEGA DANILOS ;LA VITRINA-TRINIDAD;DS HOGAR;1;37;;
17;22/4/2026;SEGUNDA;BODEGA DANILOS ;LEPAERA-DS;DS HOGAR;1;73;;
17;22/4/2026;SEGUNDA;BODEGA DANILOS ;LEPAERA-DS;DS ROPA;1;66;;
17;22/4/2026;SEGUNDA;BODEGA DANILOS ;MEGACARPA EL PROGRESO-DS;DS ROPA;2;75;;
17;22/4/2026;SEGUNDA;BODEGA DANILOS ;OLANCHITO-DS;DS HOGAR;1;31;;
17;22/4/2026;SEGUNDA;BODEGA DANILOS ;OLANCHITO-DS;DS ROPA;2;232;;
17;22/4/2026;SEGUNDA;BODEGA DANILOS ;SAN FRANCISCO-DS;DS ROPA;1;32;;
17;22/4/2026;SEGUNDA;BODEGA DANILOS ;SAN MARCOS OCOTEPEQUE, LA VITR;DS ROPA;1;36;;
17;22/4/2026;SEGUNDA;BODEGA DANILOS ;SONAGUERA-DS;DS HOGAR;7;142;;
17;22/4/2026;SEGUNDA;BODEGA DANILOS ;SONAGUERA-DS;DS ROPA;6;551;;
17;23/4/2026;SEGUNDA;BODEGA DANILOS ;CAMPAMENTO OLANCHO-DS;DS ROPA;1;50;;
17;23/4/2026;SEGUNDA;BODEGA DANILOS ;CATACAMAS-DS;DS HOGAR;1;31;;
17;23/4/2026;SEGUNDA;BODEGA DANILOS ;CATACAMAS-DS;DS ROPA;1;38;;
17;23/4/2026;SEGUNDA;BODEGA DANILOS ;CUCUYAGUA-DS;DS HOGAR;1;40;;
17;23/4/2026;SEGUNDA;BODEGA DANILOS ;CUCUYAGUA-DS;DS ROPA;2;121;;
17;23/4/2026;SEGUNDA;BODEGA DANILOS ;GRACIAS, LEMPIRA-DS;DS HOGAR;4;150;;
17;23/4/2026;SEGUNDA;BODEGA DANILOS ;GUAYMACA-DS;DS HOGAR;1;50;;
17;23/4/2026;SEGUNDA;BODEGA DANILOS ;GUAYMACA-DS;DS ROPA;2;261;;
17;23/4/2026;SEGUNDA;BODEGA DANILOS ;GUAYMACA-DS;DS VERANO;1;1;;
17;23/4/2026;SEGUNDA;BODEGA DANILOS ;LA CEIBA-DS;DS HOGAR;2;71;;
17;23/4/2026;SEGUNDA;BODEGA DANILOS ;LA CEIBA-DS;DS ROPA;1;60;;
17;23/4/2026;SEGUNDA;BODEGA DANILOS ;LA VITRINA, MEGATIENDA;DS INTERIOR;1;22;;
17;23/4/2026;SEGUNDA;BODEGA DANILOS ;LA VITRINA, MEGATIENDA;DS ROPA;2;700;;
17;23/4/2026;SEGUNDA;BODEGA DANILOS ;LA VITRINA, TOCOA;DS HOGAR;1;65;;
17;23/4/2026;SEGUNDA;BODEGA DANILOS ;LA VITRINA, TOCOA;DS ROPA;4;412;;
17;23/4/2026;SEGUNDA;BODEGA DANILOS ;LA VITRINA-EL PARAISO;DS ROPA;1;50;;
17;23/4/2026;SEGUNDA;BODEGA DANILOS ;LA VITRINA-PEÑA BLANCA;DS ROPA;2;96;;
17;23/4/2026;SEGUNDA;BODEGA DANILOS ;LA VITRINA-SABA;DS HOGAR;1;24;;
17;23/4/2026;SEGUNDA;BODEGA DANILOS ;LA VITRINA-SABA;DS ROPA;3;562;;
17;23/4/2026;SEGUNDA;BODEGA DANILOS ;LA VITRINA-SAN ESTEBAN;DS HOGAR;1;70;;
17;23/4/2026;SEGUNDA;BODEGA DANILOS ;LA VITRINA-SAN ESTEBAN;DS ROPA;1;101;;
17;23/4/2026;SEGUNDA;BODEGA DANILOS ;LA VITRINA-TALANGA ;DS HOGAR;1;30;;
17;23/4/2026;SEGUNDA;BODEGA DANILOS ;LA VITRINA-TRINIDAD;DS HOGAR;1;81;;
17;23/4/2026;SEGUNDA;BODEGA DANILOS ;LA VITRINA-TRINIDAD;DS ROPA;1;26;;
17;23/4/2026;SEGUNDA;BODEGA DANILOS ;LEPAERA-DS;DS HOGAR;1;50;;
17;23/4/2026;SEGUNDA;BODEGA DANILOS ;LEPAERA-DS;DS ROPA;1;31;;
17;23/4/2026;SEGUNDA;BODEGA DANILOS ;MEGACARPA EL PROGRESO-DS;DS ROPA;2;88;;
17;23/4/2026;SEGUNDA;BODEGA DANILOS ;OLANCHITO-DS;DS HOGAR;3;77;;
17;23/4/2026;SEGUNDA;BODEGA DANILOS ;RIO LINDO, LA  VITRINA;DS HOGAR;1;73;;
17;23/4/2026;SEGUNDA;BODEGA DANILOS ;SAN FRANCISCO-DS;DS HOGAR;1;24;;
17;23/4/2026;SEGUNDA;BODEGA DANILOS ;SAN MARCOS OCOTEPEQUE, LA VITR;DS HOGAR;1;14;;
17;23/4/2026;SEGUNDA;BODEGA DANILOS ;SAN MARCOS OCOTEPEQUE, LA VITR;DS ROPA;2;83;;
17;23/4/2026;SEGUNDA;BODEGA DANILOS ;SANTA RITA, COPAN -DS;DS HOGAR;1;44;;
17;23/4/2026;SEGUNDA;BODEGA DANILOS ;SONAGUERA-DS;DS HOGAR;2;58;;
17;24/4/2026;SEGUNDA;BODEGA DANILOS ;CAMPAMENTO OLANCHO-DS;DS ROPA;1;432;;
17;24/4/2026;SEGUNDA;BODEGA DANILOS ;CATACAMAS-DS;DS HOGAR;1;51;;
17;24/4/2026;SEGUNDA;BODEGA DANILOS ;CATACAMAS-DS;DS ROPA;1;106;;
17;24/4/2026;SEGUNDA;BODEGA DANILOS ;CUCUYAGUA-DS;DS HOGAR;1;80;;
17;24/4/2026;SEGUNDA;BODEGA DANILOS ;EL NEGRITO, YORO-DS;DS ROPA;1;50;;
17;24/4/2026;SEGUNDA;BODEGA DANILOS ;GRACIAS, LEMPIRA-DS;DS HOGAR;3;99;;
17;24/4/2026;SEGUNDA;BODEGA DANILOS ;GUAYMACA-DS;DS HOGAR;1;13;;
17;24/4/2026;SEGUNDA;BODEGA DANILOS ;GUAYMACA-DS;DS ROPA;2;416;;
17;24/4/2026;SEGUNDA;BODEGA DANILOS ;LA CEIBA-DS;DS HOGAR;3;87;;
17;24/4/2026;SEGUNDA;BODEGA DANILOS ;LA CEIBA-DS;DS INTERIOR;1;1;;
17;24/4/2026;SEGUNDA;BODEGA DANILOS ;LA CEIBA-DS;DS ROPA;3;294;;
17;24/4/2026;SEGUNDA;BODEGA DANILOS ;LA LIBERTAD-DS;DS HOGAR;1;12;;
17;24/4/2026;SEGUNDA;BODEGA DANILOS ;LA VITRINA, MEGATIENDA;DS HOGAR;1;6;;
17;24/4/2026;SEGUNDA;BODEGA DANILOS ;LA VITRINA, MEGATIENDA;DS ROPA;2;308;;
17;24/4/2026;SEGUNDA;BODEGA DANILOS ;LA VITRINA, MEGATIENDA;DS VERANO;1;2;;
17;24/4/2026;SEGUNDA;BODEGA DANILOS ;LA VITRINA, TOCOA;DS HOGAR;1;44;;
17;24/4/2026;SEGUNDA;BODEGA DANILOS ;LA VITRINA, TOCOA;DS ROPA;3;661;;
17;24/4/2026;SEGUNDA;BODEGA DANILOS ;LA VITRINA-LA LABOR OCOTEPEQUE;DS HOGAR;1;41;;
17;24/4/2026;SEGUNDA;BODEGA DANILOS ;LA VITRINA-PEÑA BLANCA;DS HOGAR;4;68;;
17;24/4/2026;SEGUNDA;BODEGA DANILOS ;LA VITRINA-SABA;DS HOGAR;1;30;;
17;24/4/2026;SEGUNDA;BODEGA DANILOS ;LA VITRINA-SABA;DS ROPA;1;20;;
17;24/4/2026;SEGUNDA;BODEGA DANILOS ;LA VITRINA-SAN ESTEBAN;DS HOGAR;2;30;;
17;24/4/2026;SEGUNDA;BODEGA DANILOS ;LEPAERA-DS;DS HOGAR;3;73;;
17;24/4/2026;SEGUNDA;BODEGA DANILOS ;OLANCHITO-DS;DS HOGAR;2;72;;
17;24/4/2026;SEGUNDA;BODEGA DANILOS ;OLANCHITO-DS;DS INTERIOR;1;24;;
17;24/4/2026;SEGUNDA;BODEGA DANILOS ;OLANCHITO-DS;DS ROPA;2;354;;
17;24/4/2026;SEGUNDA;BODEGA DANILOS ;RIO LINDO, LA  VITRINA;DS HOGAR;1;46;;
17;24/4/2026;SEGUNDA;BODEGA DANILOS ;SAN FRANCISCO-DS;DS HOGAR;3;148;;
17;24/4/2026;SEGUNDA;BODEGA DANILOS ;SAN FRANCISCO-DS;DS ROPA;1;25;;
17;24/4/2026;SEGUNDA;BODEGA DANILOS ;SANTA RITA, COPAN -DS;DS HOGAR;1;45;;
17;24/4/2026;SEGUNDA;BODEGA DANILOS ;SONAGUERA-DS;DS HOGAR;2;19;;
17;25/4/2026;SEGUNDA;BODEGA DANILOS ;CAMPAMENTO OLANCHO-DS;DS HOGAR;1;3;;
17;25/4/2026;SEGUNDA;BODEGA DANILOS ;CAMPAMENTO OLANCHO-DS;DS INTERIOR;3;310;;
17;25/4/2026;SEGUNDA;BODEGA DANILOS ;CAMPAMENTO OLANCHO-DS;DS ROPA;1;290;;
17;25/4/2026;SEGUNDA;BODEGA DANILOS ;CUCUYAGUA-DS;DS HOGAR;2;45;;
17;25/4/2026;SEGUNDA;BODEGA DANILOS ;EL NEGRITO, YORO-DS;DS INTERIOR;1;15;;
17;25/4/2026;SEGUNDA;BODEGA DANILOS ;GUAYMACA-DS;DS HOGAR;2;21;;
17;25/4/2026;SEGUNDA;BODEGA DANILOS ;LA CEIBA-DS;DS INTERIOR;1;95;;
17;25/4/2026;SEGUNDA;BODEGA DANILOS ;LA CEIBA-DS;DS ROPA;1;123;;
17;25/4/2026;SEGUNDA;BODEGA DANILOS ;LA VITRINA, MEGATIENDA;DS HOGAR;1;40;;
17;25/4/2026;SEGUNDA;BODEGA DANILOS ;LA VITRINA, TOCOA;DS INTERIOR;1;75;;
17;25/4/2026;SEGUNDA;BODEGA DANILOS ;LA VITRINA, TOCOA;DS ROPA;3;767;;
17;25/4/2026;SEGUNDA;BODEGA DANILOS ;LA VITRINA-LA LABOR OCOTEPEQUE;DS HOGAR;2;55;;
17;25/4/2026;SEGUNDA;BODEGA DANILOS ;LA VITRINA-LA LABOR OCOTEPEQUE;DS INTERIOR;1;231;;
17;25/4/2026;SEGUNDA;BODEGA DANILOS ;LA VITRINA-LA LABOR OCOTEPEQUE;DS ROPA;1;16;;
17;25/4/2026;SEGUNDA;BODEGA DANILOS ;LA VITRINA-PEÑA BLANCA;DS HOGAR;6;139;;
17;25/4/2026;SEGUNDA;BODEGA DANILOS ;LA VITRINA-PEÑA BLANCA;DS INTERIOR;1;26;;
17;25/4/2026;SEGUNDA;BODEGA DANILOS ;LA VITRINA-PEÑA BLANCA;DS ROPA;1;108;;
17;25/4/2026;SEGUNDA;BODEGA DANILOS ;LA VITRINA-SABA;DS HOGAR;2;27;;
17;25/4/2026;SEGUNDA;BODEGA DANILOS ;LA VITRINA-SAN ESTEBAN;DS HOGAR;2;10;;
17;25/4/2026;SEGUNDA;BODEGA DANILOS ;LA VITRINA-TALANGA ;DS HOGAR;2;123;;
17;25/4/2026;SEGUNDA;BODEGA DANILOS ;LEPAERA-DS;DS HOGAR;2;24;;
17;25/4/2026;SEGUNDA;BODEGA DANILOS ;LEPAERA-DS;DS INTERIOR;1;23;;
17;25/4/2026;SEGUNDA;BODEGA DANILOS ;LEPAERA-DS;DS ROPA;1;102;;
17;25/4/2026;SEGUNDA;BODEGA DANILOS ;MEGACARPA EL PROGRESO-DS;DS HOGAR;1;30;;
17;25/4/2026;SEGUNDA;BODEGA DANILOS ;MEGACARPA EL PROGRESO-DS;DS INTERIOR;2;100;;
17;25/4/2026;SEGUNDA;BODEGA DANILOS ;MEGACARPA EL PROGRESO-DS;DS ROPA;1;4;;
17;25/4/2026;SEGUNDA;BODEGA DANILOS ;OLANCHITO-DS;DS HOGAR;5;91;;
17;25/4/2026;SEGUNDA;BODEGA DANILOS ;OLANCHITO-DS;DS INTERIOR;2;204;;
17;25/4/2026;SEGUNDA;BODEGA DANILOS ;OLANCHITO-DS;DS ROPA;1;9;;
17;25/4/2026;SEGUNDA;BODEGA DANILOS ;RIO LINDO, LA  VITRINA;DS HOGAR;2;45;;
17;25/4/2026;SEGUNDA;BODEGA DANILOS ;RIO LINDO, LA  VITRINA;DS INTERIOR;2;129;;
17;25/4/2026;SEGUNDA;BODEGA DANILOS ;SAN MARCOS OCOTEPEQUE, LA VITR;DS ROPA;1;28;;
17;25/4/2026;SEGUNDA;BODEGA DANILOS ;SONAGUERA-DS;DS HOGAR;2;44;;
17;25/4/2026;SEGUNDA;BODEGA DANILOS ;SONAGUERA-DS;DS ROPA;1;28;;
18;28/4/2025;SEGUNDA;BODEGA DANILOS ;CUCUYAGUA-DS;DS HOGAR;;;1;5
18;28/4/2025;SEGUNDA;BODEGA DANILOS ;CUCUYAGUA-DS;DS ROPA;;;1;50
18;28/4/2025;SEGUNDA;BODEGA DANILOS ;GUAYMACA-DS;DS HOGAR;;;2;114
18;28/4/2025;SEGUNDA;BODEGA DANILOS ;LA CEIBA-DS;DS ROPA;;;1;152
18;28/4/2025;SEGUNDA;BODEGA DANILOS ;LA LIBERTAD-DS;DS ROPA;;;1;252
18;28/4/2025;SEGUNDA;BODEGA DANILOS ;LA VITRINA-LA LABOR OCOTEPEQUE;DS HOGAR;;;6;181
18;28/4/2025;SEGUNDA;BODEGA DANILOS ;LA VITRINA-LA LABOR OCOTEPEQUE;DS ROPA;;;3;544
18;28/4/2025;SEGUNDA;BODEGA DANILOS ;LA VITRINA-SAN ESTEBAN;DS ROPA;;;1;211
18;28/4/2025;SEGUNDA;BODEGA DANILOS ;MEGACARPA EL PROGRESO-DS;DS ESCOLAR;;;1;3
18;28/4/2025;SEGUNDA;BODEGA DANILOS ;OLANCHITO-DS;DS ESCOLAR;;;1;2
18;28/4/2025;SEGUNDA;BODEGA DANILOS ;SABA-DS;DS ROPA;;;1;311
18;28/4/2025;SEGUNDA;BODEGA DANILOS ;YORO-DS;DS ROPA;;;1;90
18;29/4/2025;SEGUNDA;BODEGA DANILOS ;CAMPAMENTO OLANCHO-DS;DS ROPA;;;3;259
18;29/4/2025;SEGUNDA;BODEGA DANILOS ;CUCUYAGUA-DS;DS HOGAR;;;2;31
18;29/4/2025;SEGUNDA;BODEGA DANILOS ;CUCUYAGUA-DS;DS ROPA;;;2;171
18;29/4/2025;SEGUNDA;BODEGA DANILOS ;EL NEGRITO, YORO-DS;DS ROPA;;;1;17
18;29/4/2025;SEGUNDA;BODEGA DANILOS ;GUAYMACA-DS;DS HOGAR;;;1;60
18;29/4/2025;SEGUNDA;BODEGA DANILOS ;GUAYMACA-DS;DS ROPA;;;1;20
18;29/4/2025;SEGUNDA;BODEGA DANILOS ;LA CEIBA-DS;DS ROPA;;;2;140
18;29/4/2025;SEGUNDA;BODEGA DANILOS ;LA LIBERTAD-DS;DS ROPA;;;1;30
18;29/4/2025;SEGUNDA;BODEGA DANILOS ;LA VITRINA-LA LABOR OCOTEPEQUE;DS HOGAR;;;4;63
18;29/4/2025;SEGUNDA;BODEGA DANILOS ;LA VITRINA-LA LABOR OCOTEPEQUE;DS ROPA;;;4;198
18;29/4/2025;SEGUNDA;BODEGA DANILOS ;LA VITRINA-SAN ESTEBAN;DS ROPA;;;1;322
18;29/4/2025;SEGUNDA;BODEGA DANILOS ;LA VITRINA-TALANGA ;DS ROPA;;;2;125
18;29/4/2025;SEGUNDA;BODEGA DANILOS ;LEPAERA-DS;DS ROPA;;;2;85
18;29/4/2025;SEGUNDA;BODEGA DANILOS ;MEGACARPA EL PROGRESO-DS;DS ROPA;;;2;165
18;29/4/2025;SEGUNDA;BODEGA DANILOS ;OLANCHITO-DS;DS HOGAR;;;1;5
18;29/4/2025;SEGUNDA;BODEGA DANILOS ;OLANCHITO-DS;DS ROPA;;;2;226
18;29/4/2025;SEGUNDA;BODEGA DANILOS ;SABA-DS;DS ROPA;;;1;20
18;29/4/2025;SEGUNDA;BODEGA DANILOS ;SAN FRANCISCO-DS;DS HOGAR;;;2;87
18;29/4/2025;SEGUNDA;BODEGA DANILOS ;SANTA RITA, COPAN -DS;DS ROPA;;;1;45
18;30/4/2025;SEGUNDA;BODEGA DANILOS ;CAMPAMENTO OLANCHO-DS;DS ROPA;;;3;405
18;30/4/2025;SEGUNDA;BODEGA DANILOS ;CUCUYAGUA-DS;DS ROPA;;;3;231
18;30/4/2025;SEGUNDA;BODEGA DANILOS ;EL NEGRITO, YORO-DS;DS ROPA;;;1;11
18;30/4/2025;SEGUNDA;BODEGA DANILOS ;GUAYMACA-DS;DS HOGAR;;;2;132
18;30/4/2025;SEGUNDA;BODEGA DANILOS ;GUAYMACA-DS;DS ROPA;;;1;36
18;30/4/2025;SEGUNDA;BODEGA DANILOS ;LA CEIBA-DS;DS ROPA;;;6;444
18;30/4/2025;SEGUNDA;BODEGA DANILOS ;LA LIBERTAD-DS;DS HOGAR;;;3;337
18;30/4/2025;SEGUNDA;BODEGA DANILOS ;LA LIBERTAD-DS;DS ROPA;;;1;40
18;30/4/2025;SEGUNDA;BODEGA DANILOS ;LA VITRINA-LA LABOR OCOTEPEQUE;DS ROPA;;;1;134
18;30/4/2025;SEGUNDA;BODEGA DANILOS ;LA VITRINA-SAN ESTEBAN;DS ROPA;;;5;431
18;30/4/2025;SEGUNDA;BODEGA DANILOS ;LA VITRINA-TALANGA ;DS ROPA;;;2;201
18;30/4/2025;SEGUNDA;BODEGA DANILOS ;LA VITRINA-TRINIDAD;DS ROPA;;;1;36
18;30/4/2025;SEGUNDA;BODEGA DANILOS ;LEPAERA-DS;DS ROPA;;;6;516
18;30/4/2025;SEGUNDA;BODEGA DANILOS ;MEGACARPA EL PROGRESO-DS;DS ROPA;;;3;155
18;30/4/2025;SEGUNDA;BODEGA DANILOS ;OLANCHITO-DS;DS HOGAR;;;1;36
18;30/4/2025;SEGUNDA;BODEGA DANILOS ;OLANCHITO-DS;DS ROPA;;;1;30
18;30/4/2025;SEGUNDA;BODEGA DANILOS ;SABA-DS;DS ROPA;;;2;95
18;30/4/2025;SEGUNDA;BODEGA DANILOS ;SAN FRANCISCO-DS;DS ROPA;;;3;220
18;30/4/2025;SEGUNDA;BODEGA DANILOS ;SANTA RITA, COPAN -DS;DS ROPA;;;3;140
18;30/4/2025;SEGUNDA;BODEGA DANILOS ;YORO-DS;DS ROPA;;;1;40
18;26/4/2026;SEGUNDA;BODEGA DANILOS ;CAMPAMENTO OLANCHO-DS;DS HOGAR;2;6;;
18;26/4/2026;SEGUNDA;BODEGA DANILOS ;CAMPAMENTO OLANCHO-DS;DS ROPA;1;142;;
18;26/4/2026;SEGUNDA;BODEGA DANILOS ;CATACAMAS-DS;DS HOGAR;3;117;;
18;26/4/2026;SEGUNDA;BODEGA DANILOS ;CATACAMAS-DS;DS INTERIOR;1;29;;
18;26/4/2026;SEGUNDA;BODEGA DANILOS ;CATACAMAS-DS;DS ROPA;1;33;;
18;26/4/2026;SEGUNDA;BODEGA DANILOS ;CUCUYAGUA-DS;DS HOGAR;1;40;;
18;26/4/2026;SEGUNDA;BODEGA DANILOS ;CUCUYAGUA-DS;DS INTERIOR;1;115;;
18;26/4/2026;SEGUNDA;BODEGA DANILOS ;CUCUYAGUA-DS;DS ROPA;1;43;;
18;26/4/2026;SEGUNDA;BODEGA DANILOS ;GRACIAS, LEMPIRA-DS;DS HOGAR;4;103;;
18;26/4/2026;SEGUNDA;BODEGA DANILOS ;GUAYMACA-DS;DS HOGAR;1;12;;
18;26/4/2026;SEGUNDA;BODEGA DANILOS ;GUAYMACA-DS;DS INTERIOR;1;32;;
18;26/4/2026;SEGUNDA;BODEGA DANILOS ;GUAYMACA-DS;DS ROPA;1;39;;
18;26/4/2026;SEGUNDA;BODEGA DANILOS ;LA CEIBA-DS;DS INTERIOR;1;61;;
18;26/4/2026;SEGUNDA;BODEGA DANILOS ;LA LIBERTAD-DS;DS HOGAR;1;126;;
18;26/4/2026;SEGUNDA;BODEGA DANILOS ;LA VITRINA, TOCOA;DS INTERIOR;1;61;;
18;26/4/2026;SEGUNDA;BODEGA DANILOS ;LA VITRINA-EL PARAISO;DS INTERIOR;1;57;;
18;26/4/2026;SEGUNDA;BODEGA DANILOS ;LA VITRINA-LA LABOR OCOTEPEQUE;DS INTERIOR;1;12;;
18;26/4/2026;SEGUNDA;BODEGA DANILOS ;LA VITRINA-LA LABOR OCOTEPEQUE;DS ROPA;1;30;;
18;26/4/2026;SEGUNDA;BODEGA DANILOS ;LA VITRINA-PEÑA BLANCA;DS INTERIOR;1;30;;
18;26/4/2026;SEGUNDA;BODEGA DANILOS ;LA VITRINA-PEÑA BLANCA;DS ROPA;2;184;;
18;26/4/2026;SEGUNDA;BODEGA DANILOS ;LA VITRINA-SABA;DS HOGAR;4;82;;
18;26/4/2026;SEGUNDA;BODEGA DANILOS ;LA VITRINA-SAN ESTEBAN;DS HOGAR;1;15;;
18;26/4/2026;SEGUNDA;BODEGA DANILOS ;LA VITRINA-SAN ESTEBAN;DS ROPA;1;213;;
18;26/4/2026;SEGUNDA;BODEGA DANILOS ;LA VITRINA-TALANGA ;DS HOGAR;1;6;;
18;26/4/2026;SEGUNDA;BODEGA DANILOS ;LA VITRINA-TALANGA ;DS INTERIOR;1;94;;
18;26/4/2026;SEGUNDA;BODEGA DANILOS ;LA VITRINA-TALANGA ;DS ROPA;3;351;;
18;26/4/2026;SEGUNDA;BODEGA DANILOS ;LA VITRINA-TRINIDAD;DS ROPA;1;127;;
18;26/4/2026;SEGUNDA;BODEGA DANILOS ;LEPAERA-DS;DS HOGAR;2;35;;
18;26/4/2026;SEGUNDA;BODEGA DANILOS ;LEPAERA-DS;DS INTERIOR;1;88;;
18;26/4/2026;SEGUNDA;BODEGA DANILOS ;MEGACARPA EL PROGRESO-DS;DS INTERIOR;1;22;;
18;26/4/2026;SEGUNDA;BODEGA DANILOS ;MEGACARPA EL PROGRESO-DS;DS ROPA;1;300;;
18;26/4/2026;SEGUNDA;BODEGA DANILOS ;OLANCHITO-DS;DS ROPA;1;125;;
18;26/4/2026;SEGUNDA;BODEGA DANILOS ;RIO LINDO, LA  VITRINA;DS HOGAR;1;17;;
18;26/4/2026;SEGUNDA;BODEGA DANILOS ;RIO LINDO, LA  VITRINA;DS INTERIOR;1;62;;
18;26/4/2026;SEGUNDA;BODEGA DANILOS ;RIO LINDO, LA  VITRINA;DS ROPA;1;60;;
18;26/4/2026;SEGUNDA;BODEGA DANILOS ;SAN FRANCISCO-DS;DS HOGAR;1;20;;
18;26/4/2026;SEGUNDA;BODEGA DANILOS ;SAN MARCOS OCOTEPEQUE, LA VITR;DS HOGAR;1;30;;
18;26/4/2026;SEGUNDA;BODEGA DANILOS ;SAN MARCOS OCOTEPEQUE, LA VITR;DS INTERIOR;2;127;;
18;26/4/2026;SEGUNDA;BODEGA DANILOS ;SAN MARCOS OCOTEPEQUE, LA VITR;DS ROPA;4;384;;
18;26/4/2026;SEGUNDA;BODEGA DANILOS ;SANTA RITA, COPAN -DS;DS HOGAR;1;75;;
18;26/4/2026;SEGUNDA;BODEGA DANILOS ;SONAGUERA-DS;DS HOGAR;3;13;;
18;27/4/2026;SEGUNDA;BODEGA DANILOS ;CAMPAMENTO OLANCHO-DS;DS HOGAR;2;6;;
18;27/4/2026;SEGUNDA;BODEGA DANILOS ;CAMPAMENTO OLANCHO-DS;DS ROPA;5;432;;
18;27/4/2026;SEGUNDA;BODEGA DANILOS ;CATACAMAS-DS;DS INTERIOR;1;76;;
18;27/4/2026;SEGUNDA;BODEGA DANILOS ;CATACAMAS-DS;DS ROPA;1;12;;
18;27/4/2026;SEGUNDA;BODEGA DANILOS ;CUCUYAGUA-DS;DS HOGAR;2;91;;
18;27/4/2026;SEGUNDA;BODEGA DANILOS ;CUCUYAGUA-DS;DS INTERIOR;1;67;;
18;27/4/2026;SEGUNDA;BODEGA DANILOS ;CUCUYAGUA-DS;DS ROPA;1;70;;
18;27/4/2026;SEGUNDA;BODEGA DANILOS ;GRACIAS, LEMPIRA-DS;DS HOGAR;2;56;;
18;27/4/2026;SEGUNDA;BODEGA DANILOS ;GUAYMACA-DS;DS ROPA;2;38;;
18;27/4/2026;SEGUNDA;BODEGA DANILOS ;LA LIBERTAD-DS;DS ROPA;1;60;;
18;27/4/2026;SEGUNDA;BODEGA DANILOS ;LA VITRINA, MEGATIENDA;DS ROPA;1;32;;
18;27/4/2026;SEGUNDA;BODEGA DANILOS ;LA VITRINA, TOCOA;DS HOGAR;1;30;;
18;27/4/2026;SEGUNDA;BODEGA DANILOS ;LA VITRINA, TOCOA;DS ROPA;1;31;;
18;27/4/2026;SEGUNDA;BODEGA DANILOS ;LA VITRINA-EL PARAISO;DS HOGAR;5;236;;
18;27/4/2026;SEGUNDA;BODEGA DANILOS ;LA VITRINA-EL PARAISO;DS ROPA;3;439;;
18;27/4/2026;SEGUNDA;BODEGA DANILOS ;LA VITRINA-LA LABOR OCOTEPEQUE;DS ROPA;1;32;;
18;27/4/2026;SEGUNDA;BODEGA DANILOS ;LA VITRINA-PEÑA BLANCA;DS HOGAR;3;83;;
18;27/4/2026;SEGUNDA;BODEGA DANILOS ;LA VITRINA-PEÑA BLANCA;DS ROPA;3;191;;
18;27/4/2026;SEGUNDA;BODEGA DANILOS ;LA VITRINA-SABA;DS HOGAR;1;14;;
18;27/4/2026;SEGUNDA;BODEGA DANILOS ;LA VITRINA-SAN ESTEBAN;DS HOGAR;4;42;;
18;27/4/2026;SEGUNDA;BODEGA DANILOS ;LA VITRINA-SAN ESTEBAN;DS ROPA;2;151;;
18;27/4/2026;SEGUNDA;BODEGA DANILOS ;LA VITRINA-TALANGA ;DS ROPA;1;60;;
18;27/4/2026;SEGUNDA;BODEGA DANILOS ;LA VITRINA-TRINIDAD;DS ROPA;2;315;;
18;27/4/2026;SEGUNDA;BODEGA DANILOS ;LEPAERA-DS;DS HOGAR;1;42;;
18;27/4/2026;SEGUNDA;BODEGA DANILOS ;MEGACARPA EL PROGRESO-DS;DS ROPA;1;102;;
18;27/4/2026;SEGUNDA;BODEGA DANILOS ;OLANCHITO-DS;DS HOGAR;3;122;;
18;27/4/2026;SEGUNDA;BODEGA DANILOS ;OLANCHITO-DS;DS ROPA;3;180;;
18;27/4/2026;SEGUNDA;BODEGA DANILOS ;SAN FRANCISCO-DS;DS HOGAR;2;53;;
18;27/4/2026;SEGUNDA;BODEGA DANILOS ;SAN FRANCISCO-DS;DS ROPA;2;146;;
18;27/4/2026;SEGUNDA;BODEGA DANILOS ;SAN MARCOS OCOTEPEQUE, LA VITR;DS HOGAR;1;39;;
18;27/4/2026;SEGUNDA;BODEGA DANILOS ;SAN MARCOS OCOTEPEQUE, LA VITR;DS INTERIOR;1;15;;
18;27/4/2026;SEGUNDA;BODEGA DANILOS ;SAN MARCOS OCOTEPEQUE, LA VITR;DS ROPA;1;385;;
18;27/4/2026;SEGUNDA;BODEGA DANILOS ;SONAGUERA-DS;DS HOGAR;2;10;;
18;27/4/2026;SEGUNDA;BODEGA DANILOS ;SONAGUERA-DS;DS ROPA;1;60;;
18;28/4/2026;SEGUNDA;BODEGA DANILOS ;CAMPAMENTO OLANCHO-DS;DS ROPA;1;58;;
18;28/4/2026;SEGUNDA;BODEGA DANILOS ;CATACAMAS-DS;DS HOGAR;2;70;;
18;28/4/2026;SEGUNDA;BODEGA DANILOS ;CATACAMAS-DS;DS INTERIOR;1;25;;
18;28/4/2026;SEGUNDA;BODEGA DANILOS ;CATACAMAS-DS;DS ROPA;2;138;;
18;28/4/2026;SEGUNDA;BODEGA DANILOS ;CUCUYAGUA-DS;DS HOGAR;3;148;;
18;28/4/2026;SEGUNDA;BODEGA DANILOS ;CUCUYAGUA-DS;DS ROPA;2;320;;
18;28/4/2026;SEGUNDA;BODEGA DANILOS ;GRACIAS, LEMPIRA-DS;DS HOGAR;4;114;;
18;28/4/2026;SEGUNDA;BODEGA DANILOS ;GUAYMACA-DS;DS HOGAR;1;40;;
18;28/4/2026;SEGUNDA;BODEGA DANILOS ;GUAYMACA-DS;DS ROPA;2;163;;
18;28/4/2026;SEGUNDA;BODEGA DANILOS ;LA CEIBA-DS;DS ROPA;1;63;;
18;28/4/2026;SEGUNDA;BODEGA DANILOS ;LA LIBERTAD-DS;DS HOGAR;1;40;;
18;28/4/2026;SEGUNDA;BODEGA DANILOS ;LA VITRINA, MEGATIENDA;DS HOGAR;1;15;;
18;28/4/2026;SEGUNDA;BODEGA DANILOS ;LA VITRINA, MEGATIENDA;DS ROPA;1;20;;
18;28/4/2026;SEGUNDA;BODEGA DANILOS ;LA VITRINA, TOCOA;DS ROPA;1;52;;
18;28/4/2026;SEGUNDA;BODEGA DANILOS ;LA VITRINA-EL PARAISO;DS HOGAR;3;151;;
18;28/4/2026;SEGUNDA;BODEGA DANILOS ;LA VITRINA-EL PARAISO;DS ROPA;3;139;;
18;28/4/2026;SEGUNDA;BODEGA DANILOS ;LA VITRINA-LA LABOR OCOTEPEQUE;DS ROPA;3;121;;
18;28/4/2026;SEGUNDA;BODEGA DANILOS ;LA VITRINA-PEÑA BLANCA;DS HOGAR;2;40;;
18;28/4/2026;SEGUNDA;BODEGA DANILOS ;LA VITRINA-PEÑA BLANCA;DS ROPA;5;276;;
18;28/4/2026;SEGUNDA;BODEGA DANILOS ;LA VITRINA-SABA;DS HOGAR;1;43;;
18;28/4/2026;SEGUNDA;BODEGA DANILOS ;LA VITRINA-TALANGA ;DS ROPA;1;65;;
18;28/4/2026;SEGUNDA;BODEGA DANILOS ;LA VITRINA-TRINIDAD;DS HOGAR;1;16;;
18;28/4/2026;SEGUNDA;BODEGA DANILOS ;LA VITRINA-TRINIDAD;DS ROPA;1;51;;
18;28/4/2026;SEGUNDA;BODEGA DANILOS ;LEPAERA-DS;DS HOGAR;1;45;;
18;28/4/2026;SEGUNDA;BODEGA DANILOS ;LEPAERA-DS;DS ROPA;3;385;;
18;28/4/2026;SEGUNDA;BODEGA DANILOS ;MEGACARPA EL PROGRESO-DS;DS INTERIOR;1;30;;
18;28/4/2026;SEGUNDA;BODEGA DANILOS ;MEGACARPA EL PROGRESO-DS;DS ROPA;3;154;;
18;28/4/2026;SEGUNDA;BODEGA DANILOS ;OLANCHITO-DS;DS HOGAR;3;64;;
18;28/4/2026;SEGUNDA;BODEGA DANILOS ;OLANCHITO-DS;DS INTERIOR;1;32;;
18;28/4/2026;SEGUNDA;BODEGA DANILOS ;OLANCHITO-DS;DS ROPA;1;108;;
18;28/4/2026;SEGUNDA;BODEGA DANILOS ;RIO LINDO, LA  VITRINA;DS HOGAR;1;50;;
18;28/4/2026;SEGUNDA;BODEGA DANILOS ;RIO LINDO, LA  VITRINA;DS ROPA;1;110;;
18;28/4/2026;SEGUNDA;BODEGA DANILOS ;SAN FRANCISCO-DS;DS ROPA;2;243;;
18;28/4/2026;SEGUNDA;BODEGA DANILOS ;SAN MARCOS OCOTEPEQUE, LA VITR;DS HOGAR;1;18;;
18;28/4/2026;SEGUNDA;BODEGA DANILOS ;SAN MARCOS OCOTEPEQUE, LA VITR;DS ROPA;1;57;;
18;28/4/2026;SEGUNDA;BODEGA DANILOS ;SANTA RITA, COPAN -DS;DS HOGAR;1;16;;
18;28/4/2026;SEGUNDA;BODEGA DANILOS ;SANTA RITA, COPAN -DS;DS ROPA;1;73;;
18;28/4/2026;SEGUNDA;BODEGA DANILOS ;SONAGUERA-DS;DS HOGAR;1;15;;
18;28/4/2026;SEGUNDA;BODEGA DANILOS ;YORO-DS;DS HOGAR;1;3;;
18;29/4/2026;SEGUNDA;BODEGA DANILOS ;CAMPAMENTO OLANCHO-DS;DS ROPA;1;12;;
18;29/4/2026;SEGUNDA;BODEGA DANILOS ;CATACAMAS-DS;DS HOGAR;1;43;;
18;29/4/2026;SEGUNDA;BODEGA DANILOS ;CATACAMAS-DS;DS ROPA;1;12;;
18;29/4/2026;SEGUNDA;BODEGA DANILOS ;CUCUYAGUA-DS;DS HOGAR;2;61;;
18;29/4/2026;SEGUNDA;BODEGA DANILOS ;CUCUYAGUA-DS;DS ROPA;3;273;;
18;29/4/2026;SEGUNDA;BODEGA DANILOS ;GRACIAS, LEMPIRA-DS;DS ROPA;1;12;;
18;29/4/2026;SEGUNDA;BODEGA DANILOS ;GUAYMACA-DS;DS HOGAR;1;33;;
18;29/4/2026;SEGUNDA;BODEGA DANILOS ;GUAYMACA-DS;DS ROPA;1;6;;
18;29/4/2026;SEGUNDA;BODEGA DANILOS ;LA CEIBA-DS;DS ROPA;2;60;;
18;29/4/2026;SEGUNDA;BODEGA DANILOS ;LA LIBERTAD-DS;DS INTERIOR;1;71;;
18;29/4/2026;SEGUNDA;BODEGA DANILOS ;LA LIBERTAD-DS;DS ROPA;2;235;;
18;29/4/2026;SEGUNDA;BODEGA DANILOS ;LA VITRINA INTIBUCA;DS HOGAR;1;21;;
18;29/4/2026;SEGUNDA;BODEGA DANILOS ;LA VITRINA INTIBUCA;DS ROPA;1;12;;
18;29/4/2026;SEGUNDA;BODEGA DANILOS ;LA VITRINA, MEGATIENDA;DS ROPA;1;12;;
18;29/4/2026;SEGUNDA;BODEGA DANILOS ;LA VITRINA, TOCOA;DS HOGAR;1;33;;
18;29/4/2026;SEGUNDA;BODEGA DANILOS ;LA VITRINA, TOCOA;DS ROPA;2;43;;
18;29/4/2026;SEGUNDA;BODEGA DANILOS ;LA VITRINA-EL PARAISO;DS ROPA;1;206;;
18;29/4/2026;SEGUNDA;BODEGA DANILOS ;LA VITRINA-LA LABOR OCOTEPEQUE;DS ROPA;1;12;;
18;29/4/2026;SEGUNDA;BODEGA DANILOS ;LA VITRINA-PEÑA BLANCA;DS HOGAR;2;112;;
18;29/4/2026;SEGUNDA;BODEGA DANILOS ;LA VITRINA-PEÑA BLANCA;DS ROPA;3;143;;
18;29/4/2026;SEGUNDA;BODEGA DANILOS ;LA VITRINA-SABA;DS HOGAR;1;21;;
18;29/4/2026;SEGUNDA;BODEGA DANILOS ;LA VITRINA-SABA;DS ROPA;1;12;;
18;29/4/2026;SEGUNDA;BODEGA DANILOS ;LA VITRINA-SAN ESTEBAN;DS INTERIOR;1;100;;
18;29/4/2026;SEGUNDA;BODEGA DANILOS ;LA VITRINA-SAN ESTEBAN;DS ROPA;1;12;;
18;29/4/2026;SEGUNDA;BODEGA DANILOS ;LA VITRINA-TALANGA ;DS HOGAR;1;42;;
18;29/4/2026;SEGUNDA;BODEGA DANILOS ;LA VITRINA-TALANGA ;DS ROPA;1;41;;
18;29/4/2026;SEGUNDA;BODEGA DANILOS ;LA VITRINA-TRINIDAD;DS ROPA;1;8;;
18;29/4/2026;SEGUNDA;BODEGA DANILOS ;LEPAERA-DS;DS HOGAR;1;4;;
18;29/4/2026;SEGUNDA;BODEGA DANILOS ;LEPAERA-DS;DS ROPA;1;12;;
18;29/4/2026;SEGUNDA;BODEGA DANILOS ;MEGACARPA EL PROGRESO-DS;DS ROPA;2;217;;
18;29/4/2026;SEGUNDA;BODEGA DANILOS ;OLANCHITO-DS;DS HOGAR;3;97;;
18;29/4/2026;SEGUNDA;BODEGA DANILOS ;OLANCHITO-DS;DS ROPA;3;273;;
18;29/4/2026;SEGUNDA;BODEGA DANILOS ;RIO LINDO, LA  VITRINA;DS HOGAR;1;37;;
18;29/4/2026;SEGUNDA;BODEGA DANILOS ;RIO LINDO, LA  VITRINA;DS INTERIOR;0;54;;
18;29/4/2026;SEGUNDA;BODEGA DANILOS ;RIO LINDO, LA  VITRINA;DS ROPA;1;354;;
18;29/4/2026;SEGUNDA;BODEGA DANILOS ;RIO LINDO, LA  VITRINA;DS VERANO;0;4;;
18;29/4/2026;SEGUNDA;BODEGA DANILOS ;SAN FRANCISCO-DS;DS HOGAR;1;50;;
18;29/4/2026;SEGUNDA;BODEGA DANILOS ;SAN FRANCISCO-DS;DS INTERIOR;1;60;;
18;29/4/2026;SEGUNDA;BODEGA DANILOS ;SAN FRANCISCO-DS;DS ROPA;1;6;;
18;29/4/2026;SEGUNDA;BODEGA DANILOS ;SAN MARCOS OCOTEPEQUE, LA VITR;DS HOGAR;1;37;;
18;29/4/2026;SEGUNDA;BODEGA DANILOS ;SAN MARCOS OCOTEPEQUE, LA VITR;DS ROPA;1;260;;
18;29/4/2026;SEGUNDA;BODEGA DANILOS ;SAN MARCOS OCOTEPEQUE, LA VITR;DS VERANO;1;2;;
18;29/4/2026;SEGUNDA;BODEGA DANILOS ;SANTA RITA, COPAN -DS;DS HOGAR;1;35;;
18;29/4/2026;SEGUNDA;BODEGA DANILOS ;SANTA RITA, COPAN -DS;DS ROPA;2;70;;
18;29/4/2026;SEGUNDA;BODEGA DANILOS ;SONAGUERA-DS;DS ROPA;1;6;;
18;29/4/2026;SEGUNDA;BODEGA DANILOS ;YORO-DS;DS ROPA;1;6;;
18;30/4/2026;SEGUNDA;BODEGA DANILOS ;CAMPAMENTO OLANCHO-DS;DS ACCESORIOS;1;2;;
18;30/4/2026;SEGUNDA;BODEGA DANILOS ;CAMPAMENTO OLANCHO-DS;DS INTERIOR;1;80;;
18;30/4/2026;SEGUNDA;BODEGA DANILOS ;CAMPAMENTO OLANCHO-DS;DS ROPA;1;42;;
18;30/4/2026;SEGUNDA;BODEGA DANILOS ;CATACAMAS-DS;DS HOGAR;2;100;;
18;30/4/2026;SEGUNDA;BODEGA DANILOS ;CATACAMAS-DS;DS ROPA;1;60;;
18;30/4/2026;SEGUNDA;BODEGA DANILOS ;CUCUYAGUA-DS;DS HOGAR;1;27;;
18;30/4/2026;SEGUNDA;BODEGA DANILOS ;GRACIAS, LEMPIRA-DS;DS HOGAR;2;68;;
18;30/4/2026;SEGUNDA;BODEGA DANILOS ;GUAYMACA-DS;DS HOGAR;2;74;;
18;30/4/2026;SEGUNDA;BODEGA DANILOS ;GUAYMACA-DS;DS ROPA;1;22;;
18;30/4/2026;SEGUNDA;BODEGA DANILOS ;LA CEIBA-DS;DS INTERIOR;1;14;;
18;30/4/2026;SEGUNDA;BODEGA DANILOS ;LA CEIBA-DS;DS ROPA;1;50;;
18;30/4/2026;SEGUNDA;BODEGA DANILOS ;LA VITRINA, MEGATIENDA;DS ROPA;1;55;;
18;30/4/2026;SEGUNDA;BODEGA DANILOS ;LA VITRINA, TOCOA;DS HOGAR;1;20;;
18;30/4/2026;SEGUNDA;BODEGA DANILOS ;LA VITRINA, TOCOA;DS ROPA;1;41;;
18;30/4/2026;SEGUNDA;BODEGA DANILOS ;LA VITRINA-EL PARAISO;DS HOGAR;1;10;;
18;30/4/2026;SEGUNDA;BODEGA DANILOS ;LA VITRINA-EL PARAISO;DS ROPA;1;195;;
18;30/4/2026;SEGUNDA;BODEGA DANILOS ;LA VITRINA-LA LABOR OCOTEPEQUE;DS HOGAR;1;5;;
18;30/4/2026;SEGUNDA;BODEGA DANILOS ;LA VITRINA-LA LABOR OCOTEPEQUE;DS ROPA;1;22;;
18;30/4/2026;SEGUNDA;BODEGA DANILOS ;LA VITRINA-PEÑA BLANCA;DS HOGAR;1;60;;
18;30/4/2026;SEGUNDA;BODEGA DANILOS ;LA VITRINA-PEÑA BLANCA;DS INTERIOR;1;56;;
18;30/4/2026;SEGUNDA;BODEGA DANILOS ;LA VITRINA-PEÑA BLANCA;DS ROPA;2;476;;
18;30/4/2026;SEGUNDA;BODEGA DANILOS ;LA VITRINA-SABA;DS INTERIOR;1;51;;
18;30/4/2026;SEGUNDA;BODEGA DANILOS ;LA VITRINA-SABA;DS ROPA;3;427;;
18;30/4/2026;SEGUNDA;BODEGA DANILOS ;LA VITRINA-SAN ESTEBAN;DS ROPA;1;54;;
18;30/4/2026;SEGUNDA;BODEGA DANILOS ;LA VITRINA-TALANGA ;DS HOGAR;1;40;;
18;30/4/2026;SEGUNDA;BODEGA DANILOS ;LA VITRINA-TALANGA ;DS ROPA;1;40;;
18;30/4/2026;SEGUNDA;BODEGA DANILOS ;LA VITRINA-TRINIDAD;DS HOGAR;1;70;;
18;30/4/2026;SEGUNDA;BODEGA DANILOS ;LEPAERA-DS;DS HOGAR;5;157;;
18;30/4/2026;SEGUNDA;BODEGA DANILOS ;LEPAERA-DS;DS ROPA;2;199;;
18;30/4/2026;SEGUNDA;BODEGA DANILOS ;MEGACARPA EL PROGRESO-DS;DS HOGAR;5;165;;
18;30/4/2026;SEGUNDA;BODEGA DANILOS ;MEGACARPA EL PROGRESO-DS;DS INTERIOR;1;109;;
18;30/4/2026;SEGUNDA;BODEGA DANILOS ;MEGACARPA EL PROGRESO-DS;DS ROPA;1;45;;
18;30/4/2026;SEGUNDA;BODEGA DANILOS ;OLANCHITO-DS;DS ACCESORIOS;1;2;;
18;30/4/2026;SEGUNDA;BODEGA DANILOS ;OLANCHITO-DS;DS HOGAR;2;58;;
18;30/4/2026;SEGUNDA;BODEGA DANILOS ;OLANCHITO-DS;DS INTERIOR;1;100;;
18;30/4/2026;SEGUNDA;BODEGA DANILOS ;RIO LINDO, LA  VITRINA;DS HOGAR;1;80;;
18;30/4/2026;SEGUNDA;BODEGA DANILOS ;RIO LINDO, LA  VITRINA;DS ROPA;1;89;;
18;30/4/2026;SEGUNDA;BODEGA DANILOS ;SAN MARCOS OCOTEPEQUE, LA VITR;DS INTERIOR;1;20;;
18;30/4/2026;SEGUNDA;BODEGA DANILOS ;SAN MARCOS OCOTEPEQUE, LA VITR;DS ROPA;2;101;;
18;30/4/2026;SEGUNDA;BODEGA DANILOS ;SANTA RITA, COPAN -DS;DS HOGAR;3;112;;
